,val_loss,val_slot0_loss,val_slot1_loss,val_slot2_loss,val_slot3_loss,val_slot4_loss,val_slot5_loss,val_slot6_loss,val_slot0_accuracy,val_slot1_accuracy,val_slot2_accuracy,val_slot3_accuracy,val_slot4_accuracy,val_slot5_accuracy,val_slot6_accuracy,loss,slot0_loss,slot1_loss,slot2_loss,slot3_loss,slot4_loss,slot5_loss,slot6_loss,slot0_accuracy,slot1_accuracy,slot2_accuracy,slot3_accuracy,slot4_accuracy,slot5_accuracy,slot6_accuracy
0,9.498476309425078,0.5495898127555847,0.19477808475494385,0.5160595178604126,0.2811480164527893,0.4845882058143616,0.27543044090270996,0.3777162730693817,0.7915105819702148,0.9475655555725098,0.802746593952179,0.942571759223938,0.8476904034614563,0.9263420701026917,0.8776529431343079,12.409925536251782,0.8147982,0.4435243,0.82788646,0.43075198,0.68496466,0.49437955,0.60139245,0.7069109,0.9013322,0.68998057,0.9289481,0.83735776,0.89661396,0.8512351
1,7.110062615255291,0.4714743196964264,0.1706405133008957,0.43879571557044983,0.2594381272792816,0.440547376871109,0.2602846324443817,0.337168425321579,0.8426966071128845,0.9475655555725098,0.8401997685432434,0.942571759223938,0.8651685118675232,0.9263420701026917,0.8813982605934143,8.273803050406205,0.5504658,0.15757833,0.5377823,0.24388723,0.40820777,0.25054398,0.35631785,0.7782404,0.95364976,0.78254235,0.94796,0.8651124,0.9295032,0.8828754
2,5.589022376861763,0.4272092282772064,0.16023609042167664,0.40449246764183044,0.25355643033981323,0.4286125600337982,0.25688594579696655,0.3132152259349823,0.8714107275009155,0.9475655555725098,0.8489388227462769,0.942571759223938,0.8639200925827026,0.9263420701026917,0.8938826322555542,6.2614193600546875,0.45813212,0.14914313,0.441756,0.23615852,0.38305774,0.24014771,0.32640654,0.8347211,0.9533722,0.8291701,0.94796,0.87205106,0.93019706,0.88717735
3,4.437365777185943,0.35045480728149414,0.1600428968667984,0.3212988078594208,0.24168537557125092,0.41464611887931824,0.2527984082698822,0.3001863360404968,0.8976279497146606,0.9488139748573303,0.8976279497146606,0.942571759223938,0.8714107275009155,0.9275904893875122,0.8938826322555542,4.922212757536215,0.39288825,0.1405192,0.37755913,0.22751887,0.36258432,0.23561667,0.30655694,0.8677491,0.95462114,0.86483485,0.94796,0.8774632,0.9303358,0.8925895
4,3.8195712313372248,0.37557706236839294,0.14890198409557343,0.35544353723526,0.22871734201908112,0.409576416015625,0.24982872605323792,0.30010512471199036,0.8826466798782349,0.9488139748573303,0.8838951587677002,0.942571759223938,0.8813982605934143,0.9275904893875122,0.8913857936859131,4.09248534170019,0.3735159,0.13867192,0.3604745,0.21941471,0.35016066,0.23015791,0.29169708,0.87149596,0.9532334,0.86761034,0.94796,0.8769081,0.93019706,0.892867
5,3.2800508372941417,0.3164045214653015,0.14624692499637604,0.29088741540908813,0.22363170981407166,0.39664122462272644,0.24257822334766388,0.2852521240711212,0.9101123809814453,0.9575530290603638,0.9101123809814453,0.942571759223938,0.8764045238494873,0.9350811243057251,0.8926342129707336,3.4662875150462966,0.346955,0.1308411,0.336294,0.21072024,0.32959223,0.22388938,0.27934724,0.88717735,0.95462114,0.88190395,0.94796,0.8873161,0.9306134,0.89647514
6,2.972527428959193,0.31165438890457153,0.14840520918369293,0.28846845030784607,0.22718505561351776,0.3889671862125397,0.2444341480731964,0.27827757596969604,0.9026217460632324,0.9488139748573303,0.9001248478889465,0.942571759223938,0.8851435780525208,0.9263420701026917,0.9013732671737671,3.0964702415757466,0.3323624,0.13309531,0.3200413,0.20421633,0.3343878,0.22379169,0.27678674,0.89078546,0.9543436,0.88856506,0.94796,0.8873161,0.931446,0.9004996
7,2.739421567369192,0.3049013018608093,0.14442336559295654,0.2782617211341858,0.21334968507289886,0.395356148481369,0.24823756515979767,0.2781967222690582,0.9151061177253723,0.9475655555725098,0.9113608002662659,0.942571759223938,0.8876404762268066,0.9263420701026917,0.9138576984405518,2.8141664316877204,0.31735075,0.13173981,0.30843002,0.2002845,0.31904444,0.21980925,0.26333615,0.89605886,0.9537885,0.8892589,0.94796,0.89134055,0.931446,0.9074382
8,2.726993475960435,0.3107627332210541,0.16118374466896057,0.3051626682281494,0.22241856157779694,0.3987279534339905,0.24737414717674255,0.277739554643631,0.9113608002662659,0.9563046097755432,0.9113608002662659,0.942571759223938,0.8838951587677002,0.9338327050209045,0.9051185846328735,2.6497476544937357,0.32054386,0.12559396,0.3115448,0.19600745,0.31322786,0.21626675,0.26113036,0.8950874,0.95517623,0.8874549,0.94796,0.88995284,0.93283373,0.9071607
9,2.5260488656576205,0.28930017352104187,0.14251573383808136,0.2666965425014496,0.2017757147550583,0.41219010949134827,0.242219477891922,0.28138020634651184,0.9213483333587646,0.9475655555725098,0.9176030158996582,0.942571759223938,0.8789013624191284,0.9275904893875122,0.9151061177253723,2.553827788410933,0.31810248,0.12885201,0.30993977,0.19741984,0.31362775,0.21685097,0.2613684,0.8946711,0.9560089,0.89023036,0.94796,0.89383847,0.931446,0.9096586
10,2.5012786965840466,0.2969472110271454,0.14880546927452087,0.2705320417881012,0.21730253100395203,0.40365031361579895,0.25770801305770874,0.27801966667175293,0.9176030158996582,0.9500623941421509,0.9176030158996582,0.942571759223938,0.8739076256752014,0.9300873875617981,0.90886390209198,2.407370350607693,0.28960672,0.12628375,0.2847601,0.18705966,0.31720704,0.20953782,0.25203225,0.9050791,0.9554538,0.90174854,0.9482376,0.8884263,0.9325562,0.90591174
11,2.3202222917559143,0.28540119528770447,0.1354692280292511,0.26346954703330994,0.19280974566936493,0.3673003613948822,0.22895249724388123,0.25522151589393616,0.9163545370101929,0.9500623941421509,0.9213483333587646,0.9438202381134033,0.9013732671737671,0.932584285736084,0.9238451719284058,2.336408918776712,0.29618397,0.12566146,0.28440237,0.18986861,0.3063671,0.20740588,0.24968423,0.90535665,0.9568415,0.8993894,0.9482376,0.8950874,0.9340827,0.9124341
12,2.27261907211999,0.270718514919281,0.13608869910240173,0.25188252329826355,0.1911231130361557,0.38133150339126587,0.22925962507724762,0.26328620314598083,0.9213483333587646,0.9550561904907227,0.9151061177253723,0.942571759223938,0.8976279497146606,0.9350811243057251,0.9188514351844788,2.235259684330551,0.27353215,0.12195094,0.2705736,0.18339434,0.2979058,0.20547771,0.24542752,0.9096586,0.95711905,0.90424645,0.94782126,0.8961976,0.9333888,0.91368306
13,2.289448264535149,0.2748733460903168,0.13856808841228485,0.2582521438598633,0.2003244012594223,0.38467350602149963,0.2354234755039215,0.2563933730125427,0.9250936508178711,0.9563046097755432,0.9188514351844788,0.942571759223938,0.8938826322555542,0.9350811243057251,0.9288389682769775,2.1919243789003717,0.27274266,0.1167066,0.2680497,0.17500487,0.29927126,0.19790421,0.24507451,0.90674436,0.9585068,0.90258116,0.9485151,0.8973078,0.935748,0.91465443
14,2.22103675385093,0.2620430588722229,0.13303087651729584,0.24741165339946747,0.18905916810035706,0.37436342239379883,0.22049342095851898,0.2663782835006714,0.9225967526435852,0.9575530290603638,0.9238451719284058,0.9438202381134033,0.8926342129707336,0.9350811243057251,0.9076154828071594,2.1590362413704414,0.2733634,0.11999435,0.2680701,0.1826146,0.2919,0.20029536,0.23795344,0.9096586,0.9580905,0.9035526,0.9490702,0.9018873,0.9340827,0.9163197
15,2.236075872190287,0.2914603650569916,0.13140463829040527,0.26510491967201233,0.19533157348632812,0.3678510785102844,0.22525477409362793,0.25092265009880066,0.9126092195510864,0.9563046097755432,0.9076154828071594,0.9450686573982239,0.9063670635223389,0.932584285736084,0.9275904893875122,2.127467758153301,0.26518574,0.11834583,0.26111472,0.18058603,0.2876113,0.19521533,0.2377785,0.9150708,0.96017206,0.91090757,0.9476825,0.90063834,0.93644184,0.9170136
16,2.153364814920223,0.26246920228004456,0.1312338411808014,0.2451324164867401,0.1842087060213089,0.3765407204627991,0.21724893152713776,0.2509087920188904,0.9250936508178711,0.9550561904907227,0.9213483333587646,0.9438202381134033,0.8976279497146606,0.9338327050209045,0.9238451719284058,2.095333438961168,0.26713124,0.11878701,0.26292256,0.17700967,0.28303123,0.19520588,0.23294677,0.9128504,0.95878434,0.90785456,0.9490702,0.9035526,0.9361643,0.92145437
17,2.1533801877096796,0.26579737663269043,0.1362934708595276,0.2374057024717331,0.20721469819545746,0.3602854311466217,0.21776528656482697,0.24246592819690704,0.9263420701026917,0.9513108730316162,0.9250936508178711,0.942571759223938,0.9026217460632324,0.9350811243057251,0.9288389682769775,2.0737841938258605,0.2520476,0.11497227,0.2487409,0.17027766,0.28479615,0.19034372,0.2339957,0.91520953,0.9594782,0.90951985,0.94893146,0.90272,0.9356092,0.91618097
18,2.200776783565755,0.26978203654289246,0.1454482078552246,0.2758519947528839,0.18544118106365204,0.36712321639060974,0.21701441705226898,0.25203314423561096,0.9113608002662659,0.9588015079498291,0.90886390209198,0.9475655555725098,0.8976279497146606,0.937578022480011,0.9225967526435852,2.006153702768987,0.24410844,0.114893764,0.24322027,0.17217132,0.27640897,0.19131444,0.22243789,0.9203442,0.9592007,0.9164585,0.9476825,0.90535665,0.9361643,0.92353594
19,2.0829629055718506,0.25472334027290344,0.13048365712165833,0.23971687257289886,0.18394389748573303,0.3681279122829437,0.2192293107509613,0.24569742381572723,0.9250936508178711,0.9525592923164368,0.9188514351844788,0.942571759223938,0.9001248478889465,0.9338327050209045,0.9288389682769775,1.9791177558528361,0.24046758,0.11249037,0.24045958,0.16909689,0.27012914,0.18471728,0.22085083,0.9211768,0.9611435,0.9165973,0.949209,0.9082709,0.9378296,0.9232584
20,2.123553323686197,0.24211373925209045,0.12387914210557938,0.22942450642585754,0.18607258796691895,0.41337960958480835,0.20746418833732605,0.2659699320793152,0.9213483333587646,0.9550561904907227,0.9213483333587646,0.942571759223938,0.8764045238494873,0.9313358068466187,0.9163545370101929,1.9627354552671044,0.2478345,0.11014249,0.244954,0.17059964,0.2719191,0.18662055,0.21930042,0.9190952,0.96044964,0.914932,0.9486539,0.9054954,0.9365806,0.9245074
21,1.9930284907308857,0.23932000994682312,0.13179436326026917,0.23663295805454254,0.17561011016368866,0.3467573821544647,0.20225706696510315,0.23967638611793518,0.9275904893875122,0.9588015079498291,0.9250936508178711,0.9475655555725098,0.903870165348053,0.9388264417648315,0.9250936508178711,1.9314328880069191,0.22909814,0.11143802,0.22621542,0.1667829,0.26812863,0.18381965,0.221892,0.9225645,0.9594782,0.9174299,0.94990283,0.90313625,0.935748,0.9200666
22,2.0642273030179865,0.2558828592300415,0.12980514764785767,0.23830844461917877,0.17989392578601837,0.36195114254951477,0.21196739375591278,0.24718530476093292,0.9275904893875122,0.9600499272346497,0.9263420701026917,0.9450686573982239,0.8951311111450195,0.9363296031951904,0.9275904893875122,1.8864736631119745,0.22991875,0.106695086,0.22343898,0.16274793,0.25807276,0.17752036,0.2158999,0.9221482,0.9622537,0.91937274,0.95045793,0.9102137,0.93866223,0.92631143
23,1.9609079759814467,0.24555571377277374,0.12198682874441147,0.23045602440834045,0.1760348081588745,0.32455533742904663,0.1973099559545517,0.2220834195613861,0.9238451719284058,0.961298406124115,0.9126092195510864,0.9463170766830444,0.9113608002662659,0.9363296031951904,0.937578022480011,1.8844003511606704,0.22561967,0.10886111,0.22466022,0.15861155,0.2583165,0.17807212,0.21752772,0.9245074,0.9625312,0.9190952,0.9517069,0.91146266,0.9399112,0.92187065
24,1.9421043345395397,0.21613715589046478,0.11546409875154495,0.21250975131988525,0.1667746603488922,0.3475625514984131,0.19405873119831085,0.24526676535606384,0.9313358068466187,0.9625468254089355,0.9238451719284058,0.9463170766830444,0.8963795304298401,0.9388264417648315,0.9250936508178711,1.8543553214717698,0.22831099,0.10611436,0.22551362,0.15892945,0.25436777,0.17429596,0.20815088,0.9217319,0.96294755,0.91881764,0.9490702,0.90951985,0.9385235,0.92908686
25,1.9155143328224973,0.23744024336338043,0.12385766208171844,0.23083403706550598,0.17551226913928986,0.30956703424453735,0.20148928463459015,0.22231483459472656,0.9263420701026917,0.9588015079498291,0.9250936508178711,0.9475655555725098,0.90886390209198,0.9388264417648315,0.9338327050209045,1.826352178339094,0.22295989,0.104570985,0.22122066,0.1547297,0.2442912,0.17066303,0.20362183,0.92187065,0.96211493,0.9190952,0.9503192,0.9150708,0.93963367,0.92964196
26,1.8973408141237371,0.22550928592681885,0.11928274482488632,0.21446380019187927,0.1689380258321762,0.3189510703086853,0.20477735996246338,0.2266538441181183,0.9350811243057251,0.9575530290603638,0.9263420701026917,0.9463170766830444,0.9113608002662659,0.9438202381134033,0.9363296031951904,1.8265297079695089,0.21736221,0.10792924,0.21789041,0.15476732,0.2513663,0.17554244,0.2044037,0.9270053,0.9619761,0.9228421,0.95142937,0.9122953,0.93810713,0.9304746
27,1.886336689435885,0.2397845834493637,0.12207295745611191,0.23216474056243896,0.16326940059661865,0.3215859830379486,0.19024130702018738,0.2381206601858139,0.9275904893875122,0.9588015079498291,0.9275904893875122,0.9475655555725098,0.9026217460632324,0.9400749206542969,0.9350811243057251,1.7964436045097967,0.21417017,0.10242576,0.21477477,0.15260865,0.24367334,0.16615981,0.20287623,0.928393,0.96572304,0.92131555,0.95087427,0.9134055,0.9407438,0.92853177
28,1.9378573320033994,0.2202979177236557,0.12148629128932953,0.2133917510509491,0.1712249368429184,0.3267071843147278,0.20270408689975739,0.23321318626403809,0.9363296031951904,0.9588015079498291,0.9250936508178711,0.9488139748573303,0.9051185846328735,0.9388264417648315,0.9300873875617981,1.7809960745521098,0.21710399,0.103529744,0.2149454,0.15402593,0.24285567,0.1691276,0.20148888,0.92631143,0.9633639,0.922287,0.94990283,0.91409934,0.94060504,0.93075216
29,1.8207472361875383,0.2103663980960846,0.11336883157491684,0.198229119181633,0.1574096381664276,0.3126048147678375,0.1834588497877121,0.2282952517271042,0.9275904893875122,0.9625468254089355,0.9275904893875122,0.9513108730316162,0.9013732671737671,0.942571759223938,0.9263420701026917,1.7742534350131307,0.21481928,0.102684386,0.2132894,0.15085164,0.24081099,0.16790032,0.20108762,0.92825425,0.96433526,0.92603385,0.9503192,0.9145157,0.9412989,0.9306134
30,1.8302215032660858,0.205692857503891,0.11811355501413345,0.20007574558258057,0.16891738772392273,0.30793872475624084,0.18833695352077484,0.22777888178825378,0.9388264417648315,0.961298406124115,0.937578022480011,0.942571759223938,0.90886390209198,0.9388264417648315,0.932584285736084,1.731671800886033,0.2079735,0.09874237,0.20554262,0.15067123,0.23286748,0.16431017,0.1953106,0.9304746,0.9664169,0.9304746,0.952262,0.9153483,0.9437968,0.9335276
31,1.7912072069784823,0.21525385975837708,0.11489560455083847,0.20611751079559326,0.17436926066875458,0.2928721606731415,0.19282977283000946,0.21469378471374512,0.937578022480011,0.9625468254089355,0.9350811243057251,0.9450686573982239,0.9138576984405518,0.9388264417648315,0.9400749206542969,1.6982821038521696,0.19794415,0.100324765,0.20023984,0.14908804,0.23289573,0.1633521,0.20024267,0.93588674,0.96572304,0.93297255,0.9521232,0.9164585,0.94171524,0.93075216
32,1.8043159765845975,0.2119443118572235,0.11708130687475204,0.2082248032093048,0.1716919094324112,0.30594703555107117,0.1881941556930542,0.2198622226715088,0.932584285736084,0.961298406124115,0.9263420701026917,0.9525592923164368,0.9151061177253723,0.9400749206542969,0.9388264417648315,1.6536780632505013,0.19607502,0.09544091,0.19253431,0.14276499,0.22670892,0.15939549,0.1895649,0.934499,0.9655842,0.9308909,0.95253956,0.9163197,0.9407438,0.9342215
33,1.7295980155840052,0.20835626125335693,0.11258459091186523,0.1946563571691513,0.15401971340179443,0.28742629289627075,0.1733430176973343,0.21455895900726318,0.937578022480011,0.9625468254089355,0.932584285736084,0.9450686573982239,0.9163545370101929,0.942571759223938,0.9400749206542969,1.6753187938561018,0.20112954,0.098338135,0.19658883,0.14896698,0.23095341,0.16699137,0.19703664,0.9342215,0.96489036,0.9303358,0.9521232,0.91576463,0.9403275,0.9331113
34,1.822821676954348,0.2073832005262375,0.11660398542881012,0.19567444920539856,0.17386814951896667,0.302794873714447,0.18720956146717072,0.21268293261528015,0.9275904893875122,0.9538077116012573,0.9200998544692993,0.942571759223938,0.9026217460632324,0.9313358068466187,0.932584285736084,1.6593590765372601,0.19870396,0.09591955,0.19756673,0.14508796,0.22851564,0.16226192,0.19186625,0.9336664,0.9650291,0.9303358,0.95142937,0.9181238,0.9403275,0.9365806
35,1.7760096280911144,0.21052932739257812,0.11580540239810944,0.2031482756137848,0.15721401572227478,0.28529900312423706,0.17953158915042877,0.2158135026693344,0.9300873875617981,0.961298406124115,0.9288389682769775,0.9475655555725098,0.9151061177253723,0.9400749206542969,0.9363296031951904,1.7020040678044939,0.21421081,0.10024489,0.21079381,0.15068862,0.22858113,0.16527945,0.18904357,0.92853177,0.9650291,0.9267277,0.9526783,0.919234,0.94116014,0.93491536
36,1.733492149395889,0.20341460406780243,0.10989779978990555,0.19233715534210205,0.1474476307630539,0.288705974817276,0.17202164232730865,0.22060000896453857,0.9313358068466187,0.9600499272346497,0.932584285736084,0.9538077116012573,0.9063670635223389,0.9363296031951904,0.9350811243057251,1.6281419734706026,0.19429131,0.09162282,0.19094884,0.14313276,0.21823551,0.15942006,0.18376465,0.9342215,0.966972,0.93172354,0.9515681,0.92409104,0.94116014,0.9372745
37,1.7382138147485093,0.21211789548397064,0.11648160964250565,0.2016225904226303,0.15466785430908203,0.2784311771392822,0.1847003549337387,0.20519666373729706,0.9313358068466187,0.9625468254089355,0.9313358068466187,0.9488139748573303,0.9163545370101929,0.9413233399391174,0.9388264417648315,1.5705566515765057,0.18883795,0.09087967,0.18460986,0.13621496,0.20546366,0.14956251,0.1725927,0.9335276,0.96766585,0.932695,0.95420486,0.92742157,0.94365805,0.9407438
38,1.7436684922183796,0.22221215069293976,0.10900814086198807,0.21031586825847626,0.15695418417453766,0.27512940764427185,0.16932900249958038,0.20354464650154114,0.9275904893875122,0.9575530290603638,0.9250936508178711,0.9500623941421509,0.9163545370101929,0.9388264417648315,0.937578022480011,1.598348919762329,0.19253133,0.09478419,0.18750231,0.13938177,0.21251512,0.15641841,0.18175656,0.9336664,0.9661393,0.93075216,0.9539273,0.9245074,0.94393563,0.93755203
39,1.6605198725630133,0.19123375415802002,0.11176875978708267,0.1815866380929947,0.15293680131435394,0.26991724967956543,0.17700326442718506,0.2016812264919281,0.9450686573982239,0.961298406124115,0.9413233399391174,0.9500623941421509,0.9213483333587646,0.9413233399391174,0.9450686573982239,1.6138209597190287,0.19338785,0.09660785,0.19142358,0.13899972,0.21566164,0.15634201,0.1813939,0.9340827,0.966972,0.9336664,0.952262,0.92353594,0.94227034,0.93907857
40,1.7337793696685677,0.19855214655399323,0.12137305736541748,0.19319523870944977,0.17174425721168518,0.27107247710227966,0.18426132202148438,0.2005075067281723,0.937578022480011,0.9600499272346497,0.9363296031951904,0.9475655555725098,0.9213483333587646,0.9313358068466187,0.9413233399391174,1.5520561369068253,0.17969519,0.09039169,0.17757788,0.13595678,0.21311629,0.15308295,0.17711309,0.9399112,0.9679434,0.9379684,0.9533722,0.92520124,0.94254786,0.94171524
41,1.6797377839963534,0.20755772292613983,0.10870224237442017,0.19780245423316956,0.1504882425069809,0.26441138982772827,0.1702868491411209,0.19857701659202576,0.9288389682769775,0.9600499272346497,0.9313358068466187,0.9513108730316162,0.9163545370101929,0.937578022480011,0.9388264417648315,1.5422775247445744,0.18131265,0.089092635,0.17959191,0.13815902,0.20447871,0.15222932,0.1745627,0.9378296,0.9686372,0.9347766,0.9524008,0.92631143,0.9435193,0.94254786
42,1.7590465191449416,0.2058081328868866,0.11372141540050507,0.20292194187641144,0.17753341794013977,0.29100990295410156,0.19726859033107758,0.20308062434196472,0.932584285736084,0.9588015079498291,0.9275904893875122,0.9475655555725098,0.9188514351844788,0.9338327050209045,0.9400749206542969,1.5378710712752606,0.18231788,0.08964427,0.179124,0.13761815,0.20479946,0.15196662,0.17505606,0.9371357,0.96905357,0.9363031,0.952262,0.92436856,0.94393563,0.9410214
43,1.679033831561847,0.19926683604717255,0.10952077060937881,0.1888601928949356,0.1483011096715927,0.26569250226020813,0.17310091853141785,0.1963922530412674,0.9388264417648315,0.9600499272346497,0.9313358068466187,0.9563046097755432,0.9151061177253723,0.9438202381134033,0.9400749206542969,1.5679979606565422,0.18248144,0.08941131,0.18232061,0.13813771,0.20793734,0.15103702,0.17613466,0.935748,0.9694699,0.9350541,0.9532334,0.92797667,0.9480988,0.9407438
44,1.6425439085109106,0.19440770149230957,0.11349298804998398,0.18654130399227142,0.14883942902088165,0.26782679557800293,0.17426136136054993,0.2045677751302719,0.9363296031951904,0.9625468254089355,0.932584285736084,0.9500623941421509,0.9188514351844788,0.9400749206542969,0.942571759223938,1.5182560070534399,0.17834823,0.087806135,0.17511158,0.13254125,0.20263262,0.14820525,0.17565903,0.9365806,0.9703025,0.9374133,0.95406604,0.9261726,0.9440744,0.94199276
45,1.6809560085801447,0.21168343722820282,0.10777853429317474,0.1955309361219406,0.15344621241092682,0.2539271116256714,0.1731850951910019,0.19970223307609558,0.932584285736084,0.9625468254089355,0.9350811243057251,0.9538077116012573,0.9213483333587646,0.9388264417648315,0.9488139748573303,1.4953565742782247,0.1763317,0.09235833,0.17236075,0.13191001,0.19628808,0.14777453,0.16365683,0.9401887,0.9668332,0.9379684,0.955315,0.9306134,0.94587845,0.9462947
46,1.6288516857799669,0.19699741899967194,0.11132396757602692,0.19064977765083313,0.1485442817211151,0.2579791843891144,0.17439837753772736,0.19522465765476227,0.9288389682769775,0.9637952446937561,0.9288389682769775,0.9513108730316162,0.9213483333587646,0.9400749206542969,0.9450686573982239,1.5296025579252939,0.18472335,0.0936165,0.18177037,0.14147164,0.1987404,0.15119807,0.1676393,0.93907857,0.96822095,0.93533164,0.9526783,0.9292256,0.94504577,0.9435193
47,1.6156882570030984,0.19637882709503174,0.1068524643778801,0.1845194548368454,0.14516089856624603,0.2565082609653473,0.16855069994926453,0.1905016452074051,0.9413233399391174,0.9637952446937561,0.9388264417648315,0.9513108730316162,0.9250936508178711,0.9438202381134033,0.9438202381134033,1.4780270897809447,0.17202473,0.0861221,0.16819999,0.13184321,0.19772485,0.14626025,0.17003852,0.9432417,0.9683597,0.941854,0.9544824,0.9308909,0.94671106,0.94449073
48,1.6800648241900327,0.21620678901672363,0.10992976278066635,0.2056426703929901,0.14765627682209015,0.2589723765850067,0.16481196880340576,0.1969451904296875,0.9288389682769775,0.9625468254089355,0.9263420701026917,0.9550561904907227,0.9213483333587646,0.9413233399391174,0.937578022480011,1.4983237006086592,0.19026868,0.0881253,0.18223032,0.13208148,0.19965427,0.14568569,0.1718141,0.9374133,0.96808213,0.935748,0.9543436,0.9261726,0.9429642,0.9429642
49,1.6916842145122095,0.1988430768251419,0.10879174619913101,0.1846269816160202,0.1531757265329361,0.29468947649002075,0.18673107028007507,0.2080027163028717,0.9363296031951904,0.9637952446937561,0.9400749206542969,0.9538077116012573,0.9188514351844788,0.942571759223938,0.9388264417648315,1.5226927315100278,0.19238238,0.08937738,0.1853472,0.13511781,0.20264034,0.14857878,0.16931573,0.9336664,0.96849847,0.93547046,0.9539273,0.92714405,0.94560087,0.94227034
50,1.6753056239843667,0.1963469535112381,0.10968165844678879,0.19005298614501953,0.15884558856487274,0.2713167667388916,0.17456863820552826,0.19651667773723602,0.9338327050209045,0.961298406124115,0.932584285736084,0.9488139748573303,0.9163545370101929,0.9363296031951904,0.942571759223938,1.497090750788769,0.17405881,0.087649696,0.1694703,0.13446465,0.20316377,0.14469762,0.17054647,0.9432417,0.9708576,0.9410214,0.95295584,0.9286705,0.94671106,0.9446295
51,1.62230049090439,0.188554048538208,0.10448642820119858,0.1775144785642624,0.15676574409008026,0.28155529499053955,0.17688126862049103,0.20291009545326233,0.9388264417648315,0.9650437235832214,0.9400749206542969,0.9550561904907227,0.9163545370101929,0.9388264417648315,0.9413233399391174,1.4576572780307386,0.17153527,0.08625128,0.1678839,0.13153727,0.19495541,0.14606966,0.16450885,0.9408826,0.9703025,0.9392173,0.95462114,0.931446,0.9462947,0.94615597
52,1.594422098551499,0.19154269993305206,0.1046491488814354,0.18454737961292267,0.14859101176261902,0.25732728838920593,0.16494950652122498,0.19521157443523407,0.937578022480011,0.9687890410423279,0.937578022480011,0.9513108730316162,0.9151061177253723,0.9488139748573303,0.937578022480011,1.4247146245674263,0.16514258,0.08545999,0.16064936,0.1300341,0.18974723,0.14296657,0.16103485,0.94254786,0.97016376,0.9407438,0.9532334,0.93380517,0.94726616,0.9471274
53,1.6062068058161552,0.20368000864982605,0.11549842357635498,0.19211973249912262,0.1410147100687027,0.25324586033821106,0.17629946768283844,0.19624853134155273,0.9413233399391174,0.966292142868042,0.9350811243057251,0.9525592923164368,0.9250936508178711,0.9475655555725098,0.9438202381134033,1.420740079059225,0.16820294,0.08159248,0.16560012,0.12639643,0.18927246,0.14149074,0.1593407,0.9404663,0.97169024,0.9410214,0.9578129,0.92964196,0.94796,0.94504577
54,1.606733066610034,0.20174281299114227,0.10213550180196762,0.19268546998500824,0.14600813388824463,0.23467016220092773,0.1667751967906952,0.17551569640636444,0.932584285736084,0.9625468254089355,0.9338327050209045,0.9513108730316162,0.9225967526435852,0.9413233399391174,0.9463170766830444,1.425377692145306,0.16984725,0.08907561,0.16875248,0.12617804,0.18496369,0.14374292,0.15579191,0.94004995,0.96849847,0.93949485,0.95628643,0.9347766,0.9485151,0.9471274
55,1.577736353755146,0.1793876737356186,0.1047661155462265,0.16848289966583252,0.1490514725446701,0.24118371307849884,0.16107705235481262,0.18782329559326172,0.9388264417648315,0.9650437235832214,0.9413233399391174,0.9550561904907227,0.9200998544692993,0.937578022480011,0.9438202381134033,1.4363938788060113,0.17331536,0.08340321,0.16915807,0.12845252,0.19018874,0.14378075,0.15560119,0.93963367,0.9703025,0.93963367,0.95656395,0.9308909,0.94560087,0.94782126
56,1.5271044555823603,0.1798555701971054,0.10514310747385025,0.1726571023464203,0.14405599236488342,0.24678026139736176,0.1623375415802002,0.18537256121635437,0.9413233399391174,0.9675405621528625,0.9388264417648315,0.9513108730316162,0.9263420701026917,0.9475655555725098,0.9450686573982239,1.4166929116687144,0.16978876,0.08610165,0.16475476,0.12690449,0.1834112,0.14061385,0.15547659,0.9404663,0.96849847,0.9397724,0.9544824,0.9336664,0.9476825,0.9482376
57,1.5524787105126923,0.18567101657390594,0.10070554912090302,0.1797914057970047,0.13800044357776642,0.25342676043510437,0.158908411860466,0.19131596386432648,0.9350811243057251,0.9637952446937561,0.937578022480011,0.9563046097755432,0.9250936508178711,0.9500623941421509,0.9450686573982239,1.3834661123258287,0.16649227,0.08068739,0.16093539,0.12520772,0.18124309,0.1389881,0.15538466,0.9435193,0.97280043,0.9435193,0.9561477,0.9346378,0.9480988,0.9482376
58,1.5076377635889138,0.1785741150379181,0.10262477397918701,0.16822615265846252,0.14338494837284088,0.23103848099708557,0.1562260538339615,0.17844615876674652,0.9450686573982239,0.9650437235832214,0.9400749206542969,0.9550561904907227,0.9250936508178711,0.9463170766830444,0.942571759223938,1.3845749639187659,0.16468811,0.08109895,0.16269563,0.12432915,0.17809065,0.13385265,0.156693,0.9426867,0.9721066,0.94199276,0.95878434,0.9374133,0.9511518,0.94671106
59,1.577828982944941,0.19170494377613068,0.11324901133775711,0.17720253765583038,0.15710899233818054,0.24623611569404602,0.1694587618112564,0.17764945328235626,0.9388264417648315,0.9625468254089355,0.937578022480011,0.9475655555725098,0.9250936508178711,0.9413233399391174,0.9463170766830444,1.3832423785577839,0.16775312,0.07971615,0.15936443,0.122773506,0.18278632,0.13895044,0.15520436,0.94449073,0.97113514,0.94476825,0.9575354,0.9347766,0.9485151,0.95045793
60,1.5442239385419123,0.19013158977031708,0.11433516442775726,0.18167781829833984,0.1463785320520401,0.2396676242351532,0.16916100680828094,0.17706982791423798,0.9438202381134033,0.9650437235832214,0.9413233399391174,0.9550561904907227,0.9263420701026917,0.9438202381134033,0.9450686573982239,1.3450469334787902,0.16094056,0.07896164,0.15493773,0.12164243,0.180548,0.13570055,0.1522984,0.9440744,0.97280043,0.94532335,0.9569803,0.9346378,0.9487927,0.9471274
61,1.5285728534360354,0.19240249693393707,0.10513190180063248,0.17981448769569397,0.13531945645809174,0.2285834401845932,0.15719814598560333,0.17811843752861023,0.9388264417648315,0.9637952446937561,0.9350811243057251,0.9575530290603638,0.9238451719284058,0.9450686573982239,0.9413233399391174,1.3858501708676276,0.17034888,0.07887339,0.16654924,0.12482655,0.17992194,0.14015268,0.15500963,0.94310296,0.9714127,0.94171524,0.95822924,0.9350541,0.94615597,0.9493478
62,1.5772555759932367,0.19246990978717804,0.11462832987308502,0.1826578676700592,0.14442701637744904,0.23783206939697266,0.17474183440208435,0.18089374899864197,0.9388264417648315,0.9588015079498291,0.9363296031951904,0.9513108730316162,0.9263420701026917,0.9438202381134033,0.942571759223938,1.3702365805829462,0.16468072,0.080114365,0.15978633,0.12509584,0.17708288,0.13494372,0.15566085,0.9429642,0.9725229,0.94282544,0.95573133,0.9374133,0.951013,0.94796
63,1.500467799278383,0.18922792375087738,0.10397402942180634,0.16642217338085175,0.14328043162822723,0.23484890162944794,0.16211959719657898,0.18000006675720215,0.9488139748573303,0.966292142868042,0.9475655555725098,0.9563046097755432,0.9350811243057251,0.9550561904907227,0.9513108730316162,1.3520330844440296,0.1588293,0.08042955,0.15254322,0.122771524,0.17452675,0.13542648,0.14903077,0.94532335,0.97016376,0.94532335,0.9575354,0.9378296,0.95004165,0.9503192
64,1.5713828099652027,0.19418957829475403,0.1104591116309166,0.17995843291282654,0.14084996283054352,0.2468537539243698,0.16902203857898712,0.1933528184890747,0.9363296031951904,0.9675405621528625,0.9400749206542969,0.9538077116012573,0.9238451719284058,0.9450686573982239,0.9438202381134033,1.3687040420694216,0.16164884,0.07778802,0.15664086,0.12363501,0.18287753,0.13903746,0.15379383,0.94476825,0.9740494,0.94476825,0.95725787,0.9336664,0.9487927,0.9503192
65,1.4954292311352886,0.18608678877353668,0.10421290248632431,0.17310087382793427,0.1356300562620163,0.23577024042606354,0.16255366802215576,0.17881594598293304,0.942571759223938,0.9650437235832214,0.9388264417648315,0.9563046097755432,0.9313358068466187,0.9500623941421509,0.9438202381134033,1.3595977603744012,0.16239679,0.08011357,0.15911938,0.12465717,0.17317545,0.13517174,0.14556965,0.9460172,0.97182906,0.9440744,0.9585068,0.93963367,0.9511518,0.9501804
66,1.5208477831065432,0.19958101212978363,0.1135094165802002,0.19139067828655243,0.13708427548408508,0.22995662689208984,0.1693156659603119,0.18092431128025055,0.937578022480011,0.9625468254089355,0.9350811243057251,0.9550561904907227,0.9288389682769775,0.9475655555725098,0.9513108730316162,1.3155017201516022,0.15753163,0.077909596,0.15076892,0.119802386,0.17049627,0.13026269,0.14480677,0.94449073,0.97113514,0.94643354,0.9580905,0.9393561,0.95198447,0.9501804
67,1.4932100007894185,0.19293414056301117,0.11234002560377121,0.18236656486988068,0.13545070588588715,0.22179412841796875,0.16221360862255096,0.17598851025104523,0.9363296031951904,0.966292142868042,0.9388264417648315,0.9525592923164368,0.9338327050209045,0.9500623941421509,0.9488139748573303,1.3139879447766023,0.15726182,0.077358305,0.15392366,0.11696735,0.17355995,0.13102287,0.14929733,0.94560087,0.97182906,0.94365805,0.9589231,0.9372745,0.94948655,0.9503192
68,1.4883067024483365,0.18341442942619324,0.1081899031996727,0.17470625042915344,0.13721466064453125,0.23321448266506195,0.16616560518741608,0.17981894314289093,0.9438202381134033,0.9637952446937561,0.942571759223938,0.9538077116012573,0.932584285736084,0.9500623941421509,0.9438202381134033,1.320573071059736,0.15879588,0.07816493,0.15765752,0.12147017,0.17304023,0.13231552,0.14635047,0.9443519,0.97280043,0.9437968,0.9568415,0.9335276,0.9487927,0.9486539
69,1.4966480092014118,0.17901451885700226,0.10438177734613419,0.1716320663690567,0.13734248280525208,0.22357307374477386,0.155668705701828,0.17396748065948486,0.942571759223938,0.9650437235832214,0.9400749206542969,0.9575530290603638,0.9313358068466187,0.9463170766830444,0.9463170766830444,1.3340595676076434,0.1580109,0.07594789,0.15183789,0.12112871,0.17557102,0.13044637,0.14664584,0.9440744,0.973078,0.9454621,0.9573966,0.93436027,0.949209,0.9486539
70,1.570722569984741,0.19787311553955078,0.11265815794467926,0.19251811504364014,0.14646553993225098,0.24396035075187683,0.1664690226316452,0.18815326690673828,0.9363296031951904,0.9637952446937561,0.9388264417648315,0.9500623941421509,0.9225967526435852,0.9438202381134033,0.9413233399391174,1.2741757374222729,0.1516723,0.07301023,0.1465739,0.114848964,0.1676021,0.12692994,0.14268754,0.94671106,0.9729392,0.9460172,0.95961696,0.9385235,0.95420486,0.9497641
71,1.4474727771106581,0.1736275851726532,0.09400690346956253,0.16070781648159027,0.13334421813488007,0.20648358762264252,0.14671441912651062,0.1688397228717804,0.9438202381134033,0.966292142868042,0.942571759223938,0.9600499272346497,0.9350811243057251,0.9525592923164368,0.9463170766830444,1.3159119858200472,0.15687624,0.076438785,0.1532256,0.121218935,0.16930877,0.13319169,0.1401381,0.94532335,0.9723841,0.9451846,0.95628643,0.9403275,0.95059675,0.95045793
72,1.5083824037463776,0.1865779310464859,0.11557332426309586,0.17638316750526428,0.13666509091854095,0.2211824208498001,0.16849802434444427,0.17444169521331787,0.9400749206542969,0.9637952446937561,0.9438202381134033,0.9550561904907227,0.9338327050209045,0.9513108730316162,0.9525592923164368,1.2824861150697109,0.15090993,0.074871324,0.14632104,0.11487368,0.16579288,0.12641454,0.14428467,0.9487927,0.9740494,0.94837636,0.95961696,0.9392173,0.952262,0.9507355
73,1.453860426812285,0.17994864284992218,0.1017526164650917,0.16939106583595276,0.1326090395450592,0.22179174423217773,0.14840643107891083,0.1781124770641327,0.9450686573982239,0.9637952446937561,0.9400749206542969,0.9563046097755432,0.932584285736084,0.9500623941421509,0.9463170766830444,1.2696969987219187,0.15032867,0.075039886,0.14496352,0.11790498,0.16347393,0.12530598,0.14312175,0.9482376,0.9729392,0.94643354,0.9585068,0.9410214,0.95142937,0.95059675
74,1.4721453880400543,0.17890317738056183,0.09975798428058624,0.17078687250614166,0.13522319495677948,0.22566187381744385,0.15029500424861908,0.17400860786437988,0.9400749206542969,0.966292142868042,0.9450686573982239,0.9563046097755432,0.9313358068466187,0.9475655555725098,0.9475655555725098,1.2831374464384424,0.15155517,0.07929209,0.146047,0.11829532,0.16494538,0.1309233,0.14059106,0.9462947,0.9725229,0.9476825,0.9569803,0.93963367,0.9501804,0.95253956
75,1.458071978053499,0.17881564795970917,0.10149504989385605,0.1712130606174469,0.1305469125509262,0.20659399032592773,0.14860603213310242,0.16365142166614532,0.942571759223938,0.9650437235832214,0.9438202381134033,0.9588015079498291,0.9388264417648315,0.9513108730316162,0.9525592923164368,1.2699358648238763,0.15385114,0.073636,0.14714977,0.11480738,0.16178517,0.12679397,0.14050989,0.94726616,0.97432697,0.94671106,0.9592007,0.9415765,0.9543436,0.95295584
76,1.4848962973119615,0.1853649914264679,0.106696717441082,0.1685163676738739,0.13515155017375946,0.23464544117450714,0.15163417160511017,0.190736323595047,0.9413233399391174,0.9687890410423279,0.9463170766830444,0.9525592923164368,0.9288389682769775,0.9488139748573303,0.9450686573982239,1.2939048216073605,0.1576806,0.07644436,0.15029716,0.116740175,0.16377944,0.12651621,0.14107043,0.94504577,0.9725229,0.94560087,0.958368,0.9397724,0.95295584,0.95004165
77,1.5136024654283655,0.18616750836372375,0.11229276657104492,0.17323873937129974,0.13236208260059357,0.21582357585430145,0.15922057628631592,0.18248699605464935,0.942571759223938,0.9637952446937561,0.942571759223938,0.9550561904907227,0.9275904893875122,0.9475655555725098,0.9413233399391174,1.2622829472691093,0.15030728,0.073425725,0.14599557,0.11181623,0.15911825,0.12550978,0.13872357,0.9462947,0.9740494,0.94671106,0.9592007,0.9412989,0.9537885,0.9528171
78,1.4798460619875258,0.19428907334804535,0.10827798396348953,0.17500588297843933,0.1308165043592453,0.20831596851348877,0.15297485888004303,0.16570207476615906,0.9388264417648315,0.9637952446937561,0.942571759223938,0.9563046097755432,0.937578022480011,0.9488139748573303,0.9513108730316162,1.2666169119119446,0.14764018,0.07615492,0.14454104,0.11416501,0.16619891,0.12756088,0.14421487,0.9485151,0.97377187,0.95004165,0.96183735,0.9424091,0.9544824,0.95045793
79,1.5020924537220548,0.20562373101711273,0.12012553215026855,0.1910398006439209,0.13398316502571106,0.22837431728839874,0.15838623046875,0.18656405806541443,0.9350811243057251,0.9650437235832214,0.9400749206542969,0.9575530290603638,0.932584285736084,0.9500623941421509,0.9450686573982239,1.2473132805860012,0.15328951,0.07327944,0.14693753,0.114986874,0.15451062,0.1268951,0.134319,0.94643354,0.97377187,0.94698864,0.95961696,0.9437968,0.95253956,0.9532334
80,1.3946210702557986,0.1711878925561905,0.10342055559158325,0.15676818788051605,0.13133618235588074,0.21028068661689758,0.14972162246704102,0.16546456515789032,0.9475655555725098,0.966292142868042,0.9463170766830444,0.9538077116012573,0.9388264417648315,0.9513108730316162,0.9513108730316162,1.24729872653129,0.15058611,0.07133976,0.14549375,0.11533774,0.15945493,0.12543574,0.14008528,0.95142937,0.97529835,0.952262,0.9603109,0.9443519,0.9539273,0.95406604
81,1.446068449859762,0.17655782401561737,0.09902060776948929,0.15973754227161407,0.1319137066602707,0.22882285714149475,0.14493539929389954,0.1870143562555313,0.9450686573982239,0.966292142868042,0.9488139748573303,0.9563046097755432,0.9338327050209045,0.9513108730316162,0.9463170766830444,1.2342926988726088,0.14927304,0.07194826,0.14227651,0.113156006,0.15673408,0.12161124,0.13879684,0.9468498,0.97377187,0.94754374,0.9611435,0.94365805,0.95656395,0.9524008
82,1.4520503730511993,0.1841481775045395,0.10541404783725739,0.16641442477703094,0.1330098956823349,0.24192701280117035,0.15109825134277344,0.18946650624275208,0.9450686573982239,0.9650437235832214,0.9463170766830444,0.9538077116012573,0.9350811243057251,0.9525592923164368,0.9488139748573303,1.2284794072128156,0.14711952,0.07284487,0.13746986,0.11356469,0.15722597,0.1244718,0.13757296,0.9476825,0.9755759,0.9493478,0.9605884,0.9440744,0.9539273,0.95420486
83,1.442181169168184,0.18298032879829407,0.10505898296833038,0.1756610870361328,0.1360214650630951,0.21968771517276764,0.1563616544008255,0.17561621963977814,0.942571759223938,0.9687890410423279,0.9450686573982239,0.9550561904907227,0.9363296031951904,0.9538077116012573,0.9488139748573303,1.2384884764080804,0.1441838,0.07226856,0.14055553,0.11120982,0.16497582,0.1264171,0.1407279,0.95087427,0.9732168,0.95087427,0.9597558,0.9407438,0.95004165,0.951013
84,1.4442722368776129,0.18111364543437958,0.10687054693698883,0.16131649911403656,0.13163809478282928,0.22538213431835175,0.15507009625434875,0.17864522337913513,0.9413233399391174,0.966292142868042,0.9475655555725098,0.9575530290603638,0.9338327050209045,0.9513108730316162,0.9488139748573303,1.212462770353249,0.14553912,0.06928386,0.1380814,0.11273794,0.15721115,0.11818203,0.13925454,0.95004165,0.97474325,0.951013,0.96072716,0.9451846,0.95767415,0.9518457
85,1.3854247580157981,0.17192435264587402,0.10592661052942276,0.16043472290039062,0.12666890025138855,0.1994747817516327,0.15132668614387512,0.15989908576011658,0.9463170766830444,0.9650437235832214,0.9500623941421509,0.9588015079498291,0.942571759223938,0.9525592923164368,0.9513108730316162,1.2016518814776165,0.14530659,0.07061072,0.13917054,0.109906405,0.15201652,0.1211302,0.13770767,0.9496253,0.97432697,0.9507355,0.96128225,0.94754374,0.9550375,0.95309466
86,1.4769921924886333,0.17982278764247894,0.11118531227111816,0.1652342975139618,0.13974983990192413,0.23313185572624207,0.1592170000076294,0.1883864849805832,0.9388264417648315,0.966292142868042,0.9438202381134033,0.9550561904907227,0.9313358068466187,0.9538077116012573,0.9463170766830444,1.1912362715485292,0.14163211,0.07099486,0.13764106,0.11024448,0.15210424,0.12004992,0.13302517,0.951013,0.9740494,0.95087427,0.96155983,0.944907,0.9554538,0.95628643
87,1.478560810529635,0.17829041182994843,0.10893715918064117,0.17074428498744965,0.1356319785118103,0.22802099585533142,0.1553051471710205,0.18281148374080658,0.942571759223938,0.9625468254089355,0.9400749206542969,0.9513108730316162,0.9275904893875122,0.9488139748573303,0.9450686573982239,1.2009327799751797,0.14526884,0.07084853,0.13916773,0.10925863,0.1525023,0.120702974,0.131262,0.9480988,0.97488207,0.94782126,0.96128225,0.94532335,0.9547599,0.9554538
88,1.4344918029882785,0.18073245882987976,0.10586737841367722,0.16967317461967468,0.13221414387226105,0.216400608420372,0.15498074889183044,0.172200545668602,0.9438202381134033,0.9675405621528625,0.942571759223938,0.9550561904907227,0.932584285736084,0.9525592923164368,0.9463170766830444,1.2217339456428795,0.14461449,0.069832586,0.13898109,0.11034835,0.15645131,0.12048106,0.13510768,0.94671106,0.9751596,0.9501804,0.95989454,0.9440744,0.9532334,0.9532334
89,1.5174698796909252,0.19248506426811218,0.11836312711238861,0.17418469488620758,0.12696005403995514,0.2578677833080292,0.1726851463317871,0.2044041007757187,0.942571759223938,0.9650437235832214,0.9500623941421509,0.9588015079498291,0.932584285736084,0.9475655555725098,0.942571759223938,1.2374914727408193,0.146609,0.07014121,0.1402751,0.11291355,0.16151525,0.12451458,0.14199555,0.94990283,0.9755759,0.9511518,0.96211493,0.9435193,0.95462114,0.9539273
90,1.484108694483725,0.19603721797466278,0.11248324066400528,0.17126615345478058,0.13783161342144012,0.22235547006130219,0.1638326346874237,0.17709647119045258,0.937578022480011,0.966292142868042,0.9463170766830444,0.9525592923164368,0.9313358068466187,0.9438202381134033,0.9438202381134033,1.1893092464679418,0.1413807,0.06869809,0.1329367,0.1057815,0.15404019,0.11699538,0.13263151,0.94948655,0.97543716,0.95087427,0.96378016,0.94393563,0.9550375,0.9550375
91,1.392193067981658,0.1774369478225708,0.10388319939374924,0.16059242188930511,0.1250615417957306,0.21535280346870422,0.1459236443042755,0.17477969825267792,0.9438202381134033,0.9675405621528625,0.9463170766830444,0.9563046097755432,0.9388264417648315,0.9513108730316162,0.9475655555725098,1.1878041133197719,0.14039439,0.067338385,0.1342618,0.10799137,0.15208445,0.11784909,0.13369942,0.9493478,0.9740494,0.9496253,0.960866,0.9457397,0.9564252,0.95420486
92,1.5162823542524664,0.19464634358882904,0.12086892127990723,0.17599239945411682,0.13992565870285034,0.22484709322452545,0.164857879281044,0.18069876730442047,0.9413233399391174,0.961298406124115,0.9450686573982239,0.9563046097755432,0.9313358068466187,0.9463170766830444,0.9438202381134033,1.2039548209267392,0.14628781,0.071827956,0.1401091,0.107262015,0.15394938,0.118712515,0.132639,0.9487927,0.97432697,0.951013,0.96294755,0.9462947,0.9558701,0.9554538
93,1.4734103184067802,0.17999999225139618,0.1108374372124672,0.1689521223306656,0.1335832178592682,0.23445060849189758,0.1522265374660492,0.18660488724708557,0.9438202381134033,0.9650437235832214,0.942571759223938,0.9575530290603638,0.9338327050209045,0.9525592923164368,0.9463170766830444,1.1913579291778573,0.14019877,0.06808552,0.13631295,0.109223545,0.14722633,0.118228346,0.13093367,0.9507355,0.97585344,0.9515681,0.96294755,0.94615597,0.95420486,0.9554538
94,1.4445302736446652,0.18965938687324524,0.10942618548870087,0.17186129093170166,0.12499691545963287,0.22202850878238678,0.15485195815563202,0.17790855467319489,0.9438202381134033,0.966292142868042,0.9438202381134033,0.9563046097755432,0.9388264417648315,0.9525592923164368,0.9488139748573303,1.166591102766587,0.13858588,0.06864648,0.13508947,0.10868216,0.14808746,0.119766876,0.12897953,0.95309466,0.97543716,0.9515681,0.960866,0.94671106,0.95364976,0.95573133
95,1.4234878719225061,0.17708876729011536,0.10668540000915527,0.16180768609046936,0.1326957792043686,0.22680656611919403,0.1503027230501175,0.18382121622562408,0.9475655555725098,0.966292142868042,0.9475655555725098,0.9538077116012573,0.9338327050209045,0.9550561904907227,0.9475655555725098,1.1792026698308093,0.14212418,0.071652316,0.13301232,0.107686974,0.14822836,0.11591932,0.13001128,0.9517069,0.9755759,0.9524008,0.96155983,0.9468498,0.95656395,0.9564252
96,1.4331643777840146,0.18029065430164337,0.10933645814657211,0.16582579910755157,0.13111010193824768,0.2387937754392624,0.15825417637825012,0.18877370655536652,0.942571759223938,0.9650437235832214,0.9500623941421509,0.9525592923164368,0.932584285736084,0.9488139748573303,0.9463170766830444,1.151444445657558,0.13861318,0.068246484,0.13430475,0.10307732,0.14435071,0.11338833,0.12810497,0.949209,0.9751596,0.95142937,0.9625312,0.94671106,0.9579517,0.9548987
97,1.474840145134896,0.18788720667362213,0.1082664355635643,0.16657541692256927,0.13678239285945892,0.22685885429382324,0.1587543785572052,0.18287566304206848,0.9438202381134033,0.966292142868042,0.9475655555725098,0.9563046097755432,0.9350811243057251,0.9513108730316162,0.9450686573982239,1.1916338680785066,0.14629549,0.071513206,0.13926496,0.11185385,0.15305075,0.11911907,0.12965418,0.94948655,0.9726617,0.9496253,0.96017206,0.9451846,0.95364976,0.9554538
98,1.3896463628714153,0.17353688180446625,0.1076677218079567,0.15601272881031036,0.13006433844566345,0.22374825179576874,0.14924022555351257,0.18282648921012878,0.9488139748573303,0.9675405621528625,0.9500623941421509,0.9600499272346497,0.9363296031951904,0.9513108730316162,0.9438202381134033,1.1520780875819807,0.13823037,0.06986794,0.12880346,0.10475355,0.14645758,0.115931675,0.13107878,0.9515681,0.9739106,0.95462114,0.96128225,0.94643354,0.9537885,0.95711905
99,1.3772661352574305,0.1637004166841507,0.10344342887401581,0.1593010127544403,0.13140769302845,0.20234130322933197,0.14746877551078796,0.16153006255626678,0.9475655555725098,0.9625468254089355,0.9488139748573303,0.9550561904907227,0.9413233399391174,0.9488139748573303,0.9525592923164368,1.1356493064406312,0.1340952,0.0659693,0.12754004,0.10236356,0.14347824,0.10983183,0.12834953,0.95406604,0.976131,0.9554538,0.96433526,0.9497641,0.95933944,0.95573133
100,1.4099903574001775,0.18369175493717194,0.11181186139583588,0.1695089489221573,0.12986306846141815,0.20226655900478363,0.15368852019309998,0.16632665693759918,0.9363296031951904,0.9625468254089355,0.9363296031951904,0.9538077116012573,0.937578022480011,0.9525592923164368,0.9513108730316162,1.1580725178730478,0.14022478,0.06693583,0.13435744,0.106289856,0.14643075,0.11631007,0.13263449,0.9521232,0.9736331,0.95087427,0.9633639,0.944907,0.9537885,0.9543436
101,1.4214206938439986,0.1810559332370758,0.11305195838212967,0.16456148028373718,0.12883780896663666,0.22572550177574158,0.15634611248970032,0.18697944283485413,0.9450686573982239,0.9675405621528625,0.9500623941421509,0.9563046097755432,0.9363296031951904,0.9550561904907227,0.9488139748573303,1.1875752770765073,0.14430688,0.07080938,0.13836774,0.10590268,0.14638719,0.12128521,0.12771788,0.9480988,0.97377187,0.94837636,0.96183735,0.94587845,0.9544824,0.95517623
102,1.4519529798057642,0.18295565247535706,0.10768144577741623,0.16821697354316711,0.1348942220211029,0.21848931908607483,0.15335257351398468,0.18258798122406006,0.9438202381134033,0.966292142868042,0.9475655555725098,0.9563046097755432,0.9313358068466187,0.9550561904907227,0.9438202381134033,1.152076569524633,0.14307055,0.06958599,0.13655388,0.10597931,0.14251013,0.11405927,0.12696567,0.9511518,0.97418815,0.9501804,0.96266997,0.9451846,0.9561477,0.95517623
103,1.4032526467176858,0.1795908361673355,0.10287924110889435,0.16511572897434235,0.12584248185157776,0.21108880639076233,0.1439501792192459,0.1736157089471817,0.942571759223938,0.9650437235832214,0.9400749206542969,0.9550561904907227,0.9363296031951904,0.9550561904907227,0.9500623941421509,1.1407028643779877,0.13684559,0.06862152,0.13071561,0.10417253,0.1427067,0.11149959,0.12549278,0.9517069,0.9757147,0.9533722,0.96155983,0.9454621,0.9568415,0.9564252
104,1.520544322986579,0.18635033071041107,0.12314889580011368,0.17752452194690704,0.1395389884710312,0.2363668531179428,0.17015983164310455,0.18955843150615692,0.9338327050209045,0.9513108730316162,0.9388264417648315,0.9525592923164368,0.9200998544692993,0.9438202381134033,0.9413233399391174,1.1255820072130662,0.13211061,0.068570934,0.12855862,0.10246475,0.14262864,0.11636021,0.12620716,0.9547599,0.9751596,0.95406604,0.9633639,0.94782126,0.9560089,0.9568415
105,1.4473137075683746,0.18881253898143768,0.11471708863973618,0.1748194545507431,0.12239976227283478,0.22324776649475098,0.16112729907035828,0.18326923251152039,0.9463170766830444,0.9687890410423279,0.9500623941421509,0.9575530290603638,0.9350811243057251,0.9538077116012573,0.9513108730316162,1.1409676828021775,0.13812183,0.066461965,0.13372426,0.10027698,0.14325923,0.112878546,0.12871963,0.95198447,0.9776575,0.95295584,0.9628088,0.9485151,0.95822924,0.9550375
106,1.4273319540547669,0.18371017277240753,0.1092071682214737,0.16347360610961914,0.13017220795154572,0.2113027423620224,0.15525992214679718,0.1743859052658081,0.9438202381134033,0.9687890410423279,0.9525592923164368,0.9563046097755432,0.9338327050209045,0.9513108730316162,0.9500623941421509,1.1418179930530254,0.13900469,0.06443934,0.13310218,0.10201788,0.13990013,0.11321717,0.1261512,0.9518457,0.9766861,0.95295584,0.96378016,0.9482376,0.9573966,0.9564252
107,1.4064473398913455,0.17714174091815948,0.10632073879241943,0.1609358787536621,0.1262359768152237,0.2181706577539444,0.1473069190979004,0.18237774074077606,0.9450686573982239,0.9700374603271484,0.9463170766830444,0.9563046097755432,0.9413233399391174,0.9575530290603638,0.9513108730316162,1.1209182708487722,0.13846286,0.06592557,0.12863,0.10254142,0.14141181,0.111818016,0.12847002,0.95309466,0.97724116,0.955315,0.9653067,0.94782126,0.958368,0.95573133
108,1.4902756226047893,0.19736282527446747,0.11984898895025253,0.1785264015197754,0.13483773171901703,0.2646489441394806,0.17361994087696075,0.1987190544605255,0.9438202381134033,0.9675405621528625,0.9525592923164368,0.9563046097755432,0.9363296031951904,0.9525592923164368,0.9525592923164368,1.1321283149745707,0.13735558,0.06570971,0.1327022,0.10413678,0.1383932,0.111468635,0.12338059,0.95295584,0.976131,0.95198447,0.9641965,0.95004165,0.96017206,0.9550375
109,1.4472810280010495,0.181387796998024,0.11642718315124512,0.16702893376350403,0.1282750517129898,0.23631784319877625,0.16250455379486084,0.19786712527275085,0.9475655555725098,0.9650437235832214,0.9438202381134033,0.9575530290603638,0.9400749206542969,0.9538077116012573,0.9475655555725098,1.1242849522420442,0.13420904,0.06785351,0.12748517,0.10148603,0.14397413,0.11083679,0.12756605,0.95309466,0.97529835,0.95420486,0.96378016,0.94754374,0.95878434,0.955315
110,1.4727294217334705,0.186030313372612,0.11785543709993362,0.16844458878040314,0.1270369589328766,0.21977294981479645,0.16566213965415955,0.1835058033466339,0.942571759223938,0.9600499272346497,0.9488139748573303,0.9538077116012573,0.9350811243057251,0.9500623941421509,0.9475655555725098,1.108576256981367,0.13103767,0.06490427,0.12582463,0.102928974,0.13724265,0.109095804,0.12228958,0.95295584,0.97529835,0.95420486,0.96405774,0.9493478,0.9580905,0.9568415
111,1.4485392360651537,0.19502513110637665,0.1048729419708252,0.1701997071504593,0.13082745671272278,0.21090807020664215,0.15264903008937836,0.182305708527565,0.9413233399391174,0.9650437235832214,0.9438202381134033,0.9575530290603638,0.9413233399391174,0.9525592923164368,0.9550561904907227,1.1125341378547335,0.1286846,0.06722986,0.12847061,0.10342123,0.138376,0.112015344,0.12463958,0.95351094,0.9759922,0.9528171,0.96155983,0.9476825,0.95767415,0.9575354
112,1.5196374392836878,0.2088402360677719,0.12240258604288101,0.19485469162464142,0.1252344399690628,0.22134196758270264,0.1594657003879547,0.18554392457008362,0.9388264417648315,0.961298406124115,0.9338327050209045,0.9538077116012573,0.9338327050209045,0.9500623941421509,0.9488139748573303,1.1329527011421896,0.13707575,0.06343932,0.13040729,0.10127015,0.14224347,0.111605644,0.12823606,0.95087427,0.9762698,0.95198447,0.96516794,0.94948655,0.958368,0.95406604
113,1.4760370245587067,0.19453127682209015,0.11331451684236526,0.17740797996520996,0.1281386762857437,0.2113884538412094,0.15433131158351898,0.17121760547161102,0.942571759223938,0.9687890410423279,0.9450686573982239,0.9538077116012573,0.9400749206542969,0.9563046097755432,0.9550561904907227,1.179980339952353,0.15205821,0.06990754,0.14610313,0.10125658,0.13747166,0.111637026,0.1318607,0.9474049,0.97529835,0.9471274,0.9653067,0.951013,0.9589231,0.9544824
114,1.4893865494543546,0.19405022263526917,0.11019964516162872,0.1759289652109146,0.13165712356567383,0.22273337841033936,0.154165118932724,0.18018698692321777,0.9463170766830444,0.9675405621528625,0.9488139748573303,0.9550561904907227,0.937578022480011,0.9525592923164368,0.9538077116012573,1.1188359205305263,0.13189714,0.06826655,0.12568536,0.10206856,0.13737097,0.1109921,0.12199118,0.95309466,0.9759922,0.9554538,0.9628088,0.9507355,0.9590619,0.9580905
115,1.4421582425875907,0.18622462451457977,0.10984648764133453,0.17264194786548615,0.12941332161426544,0.20474551618099213,0.15265913307666779,0.16714772582054138,0.9475655555725098,0.9650437235832214,0.9438202381134033,0.9563046097755432,0.9350811243057251,0.9525592923164368,0.9513108730316162,1.1055741317398575,0.12858832,0.064088985,0.12370011,0.102451734,0.13844484,0.10677354,0.121566415,0.9537885,0.9768249,0.9524008,0.96294755,0.9515681,0.95961696,0.9580905
116,1.5354526462626368,0.20298925042152405,0.1317140907049179,0.19081370532512665,0.13404397666454315,0.24574007093906403,0.1767362654209137,0.19098398089408875,0.9363296031951904,0.961298406124115,0.9388264417648315,0.9538077116012573,0.9338327050209045,0.9463170766830444,0.9525592923164368,1.1073699040013223,0.13133481,0.06510598,0.12478766,0.102490775,0.1398952,0.1095613,0.11970034,0.9544824,0.9750208,0.95295584,0.9619761,0.94698864,0.9568415,0.9580905
117,1.4249122633916163,0.18948392570018768,0.10710986703634262,0.17802895605564117,0.1209014430642128,0.20537270605564117,0.14992623031139374,0.17096468806266785,0.9438202381134033,0.9687890410423279,0.9488139748573303,0.9525592923164368,0.9400749206542969,0.9550561904907227,0.9525592923164368,1.0949415608376156,0.13305022,0.06341449,0.126179,0.097113155,0.137585,0.10717288,0.120284006,0.95517623,0.9771024,0.9560089,0.96572304,0.949209,0.9605884,0.95822924
118,1.4110126028049006,0.18709492683410645,0.10946458578109741,0.17166361212730408,0.12918253242969513,0.21381056308746338,0.15465323626995087,0.1720588356256485,0.9388264417648315,0.9650437235832214,0.9438202381134033,0.9563046097755432,0.9363296031951904,0.9525592923164368,0.9538077116012573,1.077938139620603,0.12998733,0.06370046,0.12544723,0.09693068,0.13123927,0.10497092,0.11951508,0.95406604,0.976131,0.9550375,0.96433526,0.95142937,0.9573966,0.9594782
119,1.4901453837026817,0.20465891063213348,0.11943894624710083,0.19244369864463806,0.12645785510540009,0.22022797167301178,0.1636732816696167,0.18419824540615082,0.9388264417648315,0.9700374603271484,0.9463170766830444,0.9588015079498291,0.9413233399391174,0.9538077116012573,0.9538077116012573,1.048515458024941,0.1300045,0.061520774,0.121902935,0.094883606,0.12911771,0.10438423,0.117803015,0.9544824,0.9776575,0.95670277,0.966972,0.9512906,0.9600333,0.95822924
120,1.4116596294550712,0.18979419767856598,0.10958235710859299,0.17286643385887146,0.12545017898082733,0.22078025341033936,0.15684089064598083,0.18155968189239502,0.9400749206542969,0.9700374603271484,0.9463170766830444,0.9538077116012573,0.9363296031951904,0.9513108730316162,0.9525592923164368,1.0621895840887292,0.12581284,0.062156636,0.11733913,0.098487854,0.13103911,0.10338531,0.12041796,0.9564252,0.97751874,0.95767415,0.96516794,0.95309466,0.96128225,0.9569803
121,1.4344002020344158,0.1907973736524582,0.11807335168123245,0.17460332810878754,0.1341530978679657,0.20321929454803467,0.16581521928310394,0.16426722705364227,0.9400749206542969,0.966292142868042,0.9438202381134033,0.9575530290603638,0.9363296031951904,0.9500623941421509,0.9550561904907227,1.0666959063397359,0.12921648,0.064429075,0.1233862,0.09530239,0.1327156,0.10625776,0.11690643,0.95364976,0.976131,0.9554538,0.9653067,0.9533722,0.9585068,0.95961696
122,1.5001045443145524,0.20778261125087738,0.13334929943084717,0.18903802335262299,0.12853790819644928,0.22863449156284332,0.18095417320728302,0.18924760818481445,0.942571759223938,0.9675405621528625,0.9488139748573303,0.9550561904907227,0.937578022480011,0.9513108730316162,0.9525592923164368,1.036095626083573,0.123363756,0.059414342,0.11869356,0.09691399,0.12764306,0.10062979,0.116444856,0.9548987,0.97807384,0.955315,0.964474,0.95517623,0.9628088,0.960866
123,1.4103727590725217,0.18553631007671356,0.10601698607206345,0.16598324477672577,0.12484599649906158,0.21695907413959503,0.1438271552324295,0.17797549068927765,0.9438202381134033,0.9637952446937561,0.942571759223938,0.9575530290603638,0.9363296031951904,0.9525592923164368,0.9513108730316162,1.0670969022700034,0.12841676,0.06386461,0.12267169,0.09616302,0.13350429,0.10888266,0.117357,0.95364976,0.97640854,0.9561477,0.9650291,0.95059675,0.9589231,0.9590619
124,1.453283673666241,0.195988729596138,0.12083948403596878,0.18035773932933807,0.13022135198116302,0.22710023820400238,0.1644659787416458,0.19056199491024017,0.9388264417648315,0.9650437235832214,0.9450686573982239,0.9525592923164368,0.9363296031951904,0.9538077116012573,0.9513108730316162,1.077863855723239,0.1294193,0.062504716,0.12399056,0.098622605,0.13345645,0.10808239,0.12188284,0.9550375,0.9768249,0.95670277,0.9650291,0.95198447,0.96044964,0.958368
125,1.499784054381124,0.20309440791606903,0.1299113780260086,0.18990209698677063,0.1265735924243927,0.23403975367546082,0.17807891964912415,0.190817192196846,0.9388264417648315,0.9650437235832214,0.9450686573982239,0.9525592923164368,0.9338327050209045,0.9488139748573303,0.9513108730316162,1.0413975309339656,0.124289155,0.0595484,0.11506585,0.096202366,0.12747632,0.100333214,0.11506867,0.9555926,0.9784902,0.95822924,0.96572304,0.95364976,0.96044964,0.96128225
126,1.532500762915641,0.1941833198070526,0.1263219267129898,0.18215322494506836,0.1339227557182312,0.2173968404531479,0.17648176848888397,0.17824769020080566,0.9400749206542969,0.9575530290603638,0.9388264417648315,0.9550561904907227,0.9388264417648315,0.9450686573982239,0.9475655555725098,1.0438249958841925,0.12822457,0.06013498,0.11842851,0.09658423,0.12741844,0.10375706,0.11852115,0.952262,0.97751874,0.9555926,0.96350265,0.9532334,0.9597558,0.95933944
127,1.5131852897663092,0.20780113339424133,0.1396719217300415,0.18943621218204498,0.1283794343471527,0.213463693857193,0.17933712899684906,0.1728433519601822,0.9438202381134033,0.966292142868042,0.9488139748573303,0.9550561904907227,0.9438202381134033,0.9513108730316162,0.9575530290603638,1.0684607757186677,0.12631042,0.06411289,0.12231656,0.0971792,0.12796603,0.10416114,0.11478588,0.9558701,0.97488207,0.955315,0.9668332,0.9532334,0.9586456,0.95933944
128,1.4482771237095942,0.1868302971124649,0.11321274191141129,0.17426106333732605,0.13027764856815338,0.22096678614616394,0.15433086454868317,0.18895915150642395,0.9438202381134033,0.9687890410423279,0.9500623941421509,0.9575530290603638,0.9400749206542969,0.9538077116012573,0.9538077116012573,1.0740100716737255,0.12846787,0.06408559,0.122750744,0.09409737,0.13356702,0.10710043,0.117035925,0.95573133,0.9765473,0.95670277,0.9658618,0.9517069,0.9603109,0.95628643
129,1.43062654193421,0.18834643065929413,0.11430265009403229,0.174571231007576,0.12601862847805023,0.2087414562702179,0.15781079232692719,0.17966274917125702,0.942571759223938,0.9675405621528625,0.9488139748573303,0.9575530290603638,0.9388264417648315,0.9550561904907227,0.9563046097755432,1.0517622789938252,0.12422168,0.060951665,0.11851469,0.09410565,0.12789895,0.10462898,0.11551049,0.95656395,0.9765473,0.95628643,0.96572304,0.9537885,0.9586456,0.95933944
130,1.5004545235901736,0.1892363280057907,0.11479371041059494,0.18096090853214264,0.13261522352695465,0.22538256645202637,0.1611689180135727,0.1922977864742279,0.9438202381134033,0.9675405621528625,0.9463170766830444,0.9538077116012573,0.9413233399391174,0.9525592923164368,0.9513108730316162,1.040686860767431,0.123007365,0.060463402,0.11750864,0.096256316,0.12809524,0.101467445,0.11225168,0.9568415,0.9784902,0.958368,0.96461284,0.9532334,0.96128225,0.96017206
131,1.4706346515412634,0.19694386422634125,0.1200990304350853,0.18810820579528809,0.13182339072227478,0.23833465576171875,0.1678747981786728,0.19077636301517487,0.942571759223938,0.9700374603271484,0.9488139748573303,0.9513108730316162,0.9388264417648315,0.9513108730316162,0.9538077116012573,1.045610708741059,0.121668935,0.0637569,0.11560421,0.09642401,0.12750971,0.10297161,0.112670034,0.95711905,0.97890645,0.9579517,0.96489036,0.9532334,0.96266997,0.96183735
132,1.4615402218703175,0.1881481260061264,0.11595940589904785,0.17968739569187164,0.12672652304172516,0.21797572076320648,0.15909051895141602,0.19073404371738434,0.9400749206542969,0.9650437235832214,0.9475655555725098,0.9600499272346497,0.9363296031951904,0.9538077116012573,0.9513108730316162,1.0438767448253774,0.12465795,0.061899185,0.118424095,0.09526743,0.1273078,0.103545405,0.11463791,0.9569803,0.9776575,0.9560089,0.9647516,0.9532334,0.9594782,0.9586456
133,1.465694890040137,0.1937224119901657,0.11530010402202606,0.1790965497493744,0.1279466450214386,0.23332133889198303,0.15972116589546204,0.20306409895420074,0.9438202381134033,0.9687890410423279,0.9513108730316162,0.9513108730316162,0.9388264417648315,0.9525592923164368,0.9500623941421509,1.0406339748879125,0.1280926,0.05973278,0.12107501,0.094977096,0.12905297,0.10294189,0.11354807,0.9550375,0.97890645,0.9578129,0.96378016,0.9515681,0.96183735,0.96128225
134,1.4600692186760396,0.1874699890613556,0.11832892894744873,0.17802701890468597,0.12417115271091461,0.23226046562194824,0.15742267668247223,0.20002250373363495,0.9438202381134033,0.9675405621528625,0.9513108730316162,0.9538077116012573,0.942571759223938,0.9575530290603638,0.9525592923164368,1.0590947285282126,0.12652825,0.0626148,0.118196145,0.09641274,0.13155632,0.10383292,0.11702283,0.9550375,0.9771024,0.9561477,0.96461284,0.9517069,0.961421,0.95878434
135,1.5280609229084259,0.20809435844421387,0.130833700299263,0.19906853139400482,0.1286056786775589,0.23545384407043457,0.1739475578069687,0.1989116221666336,0.937578022480011,0.961298406124115,0.9463170766830444,0.9550561904907227,0.937578022480011,0.9475655555725098,0.9550561904907227,1.0158758034912574,0.1215158,0.059641406,0.11569124,0.09237054,0.120803416,0.09871455,0.11290233,0.95517623,0.97807384,0.9580905,0.964474,0.9547599,0.9625312,0.96183735
136,1.4870320851734367,0.1968490332365036,0.113921158015728,0.18305142223834991,0.1355595588684082,0.23068997263908386,0.15401871502399445,0.1895686239004135,0.9400749206542969,0.9687890410423279,0.9450686573982239,0.9538077116012573,0.9363296031951904,0.9538077116012573,0.9538077116012573,1.076205986392455,0.13823828,0.060474776,0.1288118,0.096822806,0.12960406,0.10070558,0.11787243,0.952262,0.9776575,0.95253956,0.9650291,0.9537885,0.96350265,0.9594782
137,1.5144971600186066,0.19308148324489594,0.11975354701280594,0.1841670274734497,0.1269945204257965,0.2475682944059372,0.16872194409370422,0.20436608791351318,0.9438202381134033,0.9675405621528625,0.9500623941421509,0.9600499272346497,0.9400749206542969,0.9538077116012573,0.9513108730316162,1.056324790955384,0.13034363,0.062622495,0.121669844,0.0954589,0.12833259,0.103845805,0.11404121,0.95420486,0.9766861,0.9558701,0.9655842,0.9515681,0.9603109,0.9603109
138,1.5003992280412406,0.20512303709983826,0.12608841061592102,0.19208349287509918,0.12471670657396317,0.20734821259975433,0.169764906167984,0.17518341541290283,0.942571759223938,0.9675405621528625,0.9463170766830444,0.9550561904907227,0.9400749206542969,0.9525592923164368,0.9563046097755432,1.0239210650221426,0.124851845,0.054888695,0.11607236,0.089899905,0.12376798,0.09615494,0.11420582,0.9578129,0.9793228,0.9575354,0.9664169,0.9521232,0.960866,0.95989454
139,1.4303591421034452,0.18992169201374054,0.11450964957475662,0.1776682436466217,0.12383879721164703,0.20174749195575714,0.14919710159301758,0.16687916219234467,0.942571759223938,0.9675405621528625,0.9438202381134033,0.9563046097755432,0.937578022480011,0.9525592923164368,0.9550561904907227,1.0472518783326352,0.12323664,0.060922097,0.11853559,0.09096332,0.12355306,0.101255715,0.11623707,0.95767415,0.97835135,0.9575354,0.96849847,0.9554538,0.96155983,0.95878434
140,1.424644604753168,0.19432207942008972,0.10981348901987076,0.17835386097431183,0.11803817003965378,0.22118093073368073,0.1546093225479126,0.1913280040025711,0.9400749206542969,0.9687890410423279,0.9450686573982239,0.9600499272346497,0.9350811243057251,0.9513108730316162,0.9525592923164368,1.0566760701932014,0.124632634,0.060661193,0.119071834,0.09575066,0.13008317,0.10098453,0.12105342,0.958368,0.9768249,0.95767415,0.9661393,0.95253956,0.9633639,0.95725787
141,1.424197478389621,0.19419677555561066,0.1166725605726242,0.17431426048278809,0.12926256656646729,0.21144454181194305,0.15488745272159576,0.18402735888957977,0.9413233399391174,0.9700374603271484,0.9488139748573303,0.9550561904907227,0.9413233399391174,0.9588015079498291,0.9575530290603638,1.0161453181427451,0.123290636,0.056046322,0.118231304,0.0907423,0.1249943,0.09851549,0.11275902,0.9561477,0.97946155,0.9568415,0.96600056,0.9533722,0.9611435,0.9594782
142,1.5061908982666243,0.20375390350818634,0.1287170797586441,0.18832238018512726,0.12844708561897278,0.2308838665485382,0.16487166285514832,0.20247581601142883,0.9363296031951904,0.9650437235832214,0.9400749206542969,0.9550561904907227,0.9400749206542969,0.9525592923164368,0.9563046097755432,0.997649920506177,0.1216494,0.057552073,0.113263495,0.094088554,0.11922808,0.094929285,0.108375736,0.95767415,0.97807384,0.9568415,0.96572304,0.95656395,0.9622537,0.9625312
143,1.4886308868279619,0.2003079652786255,0.1297232061624527,0.18541155755519867,0.1292233169078827,0.25663667917251587,0.17055296897888184,0.20224401354789734,0.942571759223938,0.966292142868042,0.9463170766830444,0.9563046097755432,0.9363296031951904,0.9513108730316162,0.9538077116012573,0.9951962971568207,0.11681126,0.05671804,0.11041101,0.08785119,0.119922005,0.097423226,0.11222992,0.95656395,0.9796003,0.9594782,0.96905357,0.9544824,0.96239245,0.96044964
144,1.431268686212404,0.1895965337753296,0.12322257459163666,0.17750699818134308,0.13137368857860565,0.20778365433216095,0.16533271968364716,0.1770056039094925,0.9400749206542969,0.9700374603271484,0.9463170766830444,0.9525592923164368,0.9400749206542969,0.9525592923164368,0.9575530290603638,1.0360372334329941,0.119708136,0.060135745,0.116347745,0.095890835,0.12722468,0.10132727,0.11377875,0.9585068,0.9782126,0.9592007,0.9664169,0.95198447,0.95961696,0.9590619
145,1.4920971098910556,0.19571174681186676,0.12751545011997223,0.1863788664340973,0.13402561843395233,0.22152528166770935,0.17269131541252136,0.1776444911956787,0.9450686573982239,0.9675405621528625,0.9475655555725098,0.9538077116012573,0.9400749206542969,0.9550561904907227,0.9525592923164368,0.9935688969660824,0.11944591,0.055921208,0.1108916,0.088334955,0.12017708,0.09442753,0.109436914,0.9575354,0.9796003,0.96017206,0.96808213,0.9561477,0.96600056,0.96100473
146,1.5529199621352958,0.20298340916633606,0.13269475102424622,0.19048550724983215,0.13450174033641815,0.2397862672805786,0.1779203563928604,0.2039518505334854,0.9450686573982239,0.9637952446937561,0.9488139748573303,0.9513108730316162,0.937578022480011,0.9500623941421509,0.9513108730316162,0.9952905658480528,0.11794755,0.05857099,0.11429417,0.09267836,0.12126594,0.09811604,0.11049478,0.9568415,0.97835135,0.9568415,0.9653067,0.95295584,0.9594782,0.96266997
147,1.5498389486367634,0.20910318195819855,0.12670382857322693,0.19567130506038666,0.13303230702877045,0.23540924489498138,0.17089524865150452,0.20224396884441376,0.942571759223938,0.9687890410423279,0.9463170766830444,0.9563046097755432,0.937578022480011,0.9525592923164368,0.9550561904907227,0.9991265165120934,0.119782455,0.058467295,0.1123709,0.08855318,0.12170043,0.09418529,0.11203312,0.95711905,0.97890645,0.9597558,0.96766585,0.9569803,0.964474,0.96155983
148,1.5400569944941298,0.20732729136943817,0.13720032572746277,0.20141711831092834,0.12752844393253326,0.2210916131734848,0.18158753216266632,0.1836097538471222,0.9338327050209045,0.961298406124115,0.942571759223938,0.9513108730316162,0.9400749206542969,0.9463170766830444,0.9525592923164368,0.9963869797730162,0.12123529,0.05923637,0.11439491,0.09174784,0.12005629,0.0950705,0.10569872,0.95711905,0.97835135,0.9568415,0.96752703,0.9573966,0.96294755,0.9619761
149,1.5300106930822022,0.20250354707241058,0.12171775847673416,0.18532924354076385,0.13391800224781036,0.24529090523719788,0.172223761677742,0.1962660253047943,0.9438202381134033,0.9650437235832214,0.9450686573982239,0.9538077116012573,0.932584285736084,0.9500623941421509,0.9513108730316162,1.0184264305463078,0.12333926,0.063720815,0.11829083,0.09208719,0.12630875,0.10177356,0.112769626,0.9568415,0.9779351,0.95822924,0.9668332,0.9533722,0.96294755,0.960866
150,1.4912145654211628,0.18524381518363953,0.11459694057703018,0.1735488474369049,0.12682686746120453,0.24256910383701324,0.15705552697181702,0.2108723372220993,0.9450686573982239,0.966292142868042,0.9463170766830444,0.9563046097755432,0.9388264417648315,0.9550561904907227,0.9513108730316162,1.0646381430284466,0.12575872,0.061949365,0.12138054,0.09518915,0.13218644,0.10157631,0.11751532,0.9537885,0.9771024,0.9555926,0.96378016,0.95142937,0.961421,0.95961696
151,1.5880580252029477,0.23121611773967743,0.1257610321044922,0.21228954195976257,0.13162927329540253,0.2274208515882492,0.1665579378604889,0.20592069625854492,0.9388264417648315,0.9637952446937561,0.9413233399391174,0.9488139748573303,0.937578022480011,0.9513108730316162,0.9538077116012573,1.0076392915822585,0.11894469,0.05951031,0.11221692,0.09448248,0.12289888,0.098485254,0.11378422,0.9592007,0.9802942,0.9603109,0.966972,0.95767415,0.9650291,0.96044964
152,1.4883879262409854,0.20098330080509186,0.11981873214244843,0.1899109035730362,0.12344039231538773,0.2142665833234787,0.1618996560573578,0.1945050060749054,0.9438202381134033,0.9700374603271484,0.9488139748573303,0.9538077116012573,0.942571759223938,0.9588015079498291,0.9550561904907227,1.0115585782082583,0.1311119,0.053741615,0.12132381,0.08755703,0.1168352,0.0935569,0.10668489,0.9555926,0.9801554,0.95656395,0.96822095,0.9560089,0.96405774,0.9625312
153,1.5259609875756406,0.21326084434986115,0.136098712682724,0.1917286366224289,0.12857072055339813,0.222457155585289,0.1844189167022705,0.19597765803337097,0.9463170766830444,0.9675405621528625,0.9513108730316162,0.9563046097755432,0.942571759223938,0.9513108730316162,0.9563046097755432,0.9782989941766915,0.115471445,0.056414694,0.10775578,0.08566718,0.117629796,0.09476463,0.10932605,0.9597558,0.9797391,0.96211493,0.9697474,0.9539273,0.9636414,0.9594782
154,1.4856951267978225,0.2074403017759323,0.12259878218173981,0.18749161064624786,0.13371650874614716,0.20727358758449554,0.16637718677520752,0.17274858057498932,0.9438202381134033,0.9687890410423279,0.9488139748573303,0.9563046097755432,0.9438202381134033,0.9563046097755432,0.9600499272346497,0.9839807322066326,0.11722547,0.056669313,0.112658896,0.086477324,0.11480666,0.09429641,0.10825016,0.9561477,0.97807384,0.9578129,0.9666944,0.95573133,0.9628088,0.9625312
155,1.378336265590158,0.1782839149236679,0.10988585650920868,0.1651885211467743,0.12589570879936218,0.19946470856666565,0.15004922449588776,0.17519937455654144,0.9438202381134033,0.9675405621528625,0.9500623941421509,0.9563046097755432,0.9413233399391174,0.9563046097755432,0.9563046097755432,0.9568600938480959,0.11295489,0.055789344,0.10905836,0.08784599,0.118780024,0.09118941,0.10590561,0.96100473,0.9779351,0.96128225,0.966972,0.9569803,0.9641965,0.9628088
156,1.45808215296075,0.19332461059093475,0.12234030663967133,0.17244382202625275,0.13138015568256378,0.2316913902759552,0.16147449612617493,0.19570504128932953,0.9475655555725098,0.9650437235832214,0.9513108730316162,0.9550561904907227,0.937578022480011,0.9563046097755432,0.9513108730316162,0.9995985861258675,0.119865075,0.056691684,0.11207643,0.092656486,0.12062684,0.09968551,0.10904834,0.9560089,0.9784902,0.9578129,0.9653067,0.9533722,0.960866,0.96128225
157,1.5265007334553198,0.2163245975971222,0.13644461333751678,0.1964147835969925,0.1299847513437271,0.2293546348810196,0.16827280819416046,0.1915094554424286,0.9438202381134033,0.966292142868042,0.9463170766830444,0.9588015079498291,0.942571759223938,0.9563046097755432,0.9575530290603638,0.9626455352996542,0.11582819,0.053746585,0.108649485,0.08541454,0.11475429,0.0901266,0.10986377,0.9589231,0.9796003,0.958368,0.9697474,0.9586456,0.96655566,0.9611435
158,1.4846550761983637,0.20285823941230774,0.12481483072042465,0.18380753695964813,0.12531045079231262,0.23145103454589844,0.16125580668449402,0.19475403428077698,0.9413233399391174,0.9675405621528625,0.9450686573982239,0.9550561904907227,0.9388264417648315,0.9563046097755432,0.9575530290603638,0.9872292296243912,0.118178315,0.05897385,0.11459661,0.09171569,0.11442408,0.09269144,0.108718514,0.95822924,0.97738,0.9558701,0.96544546,0.9578129,0.96544546,0.96155983
159,1.5126745688930134,0.2007812261581421,0.13473929464817047,0.18940769135951996,0.12462592124938965,0.2391965687274933,0.17491886019706726,0.19699080288410187,0.942571759223938,0.9600499272346497,0.9438202381134033,0.9575530290603638,0.9350811243057251,0.9488139748573303,0.9513108730316162,0.9754953904844078,0.11679658,0.05617606,0.11276629,0.088931575,0.11333656,0.09225552,0.10911289,0.95878434,0.97890645,0.9592007,0.9679434,0.95725787,0.9658618,0.961421
160,1.5285497336798393,0.20229609310626984,0.12819503247737885,0.19163259863853455,0.1284484565258026,0.2462082952260971,0.1699678897857666,0.20637524127960205,0.9463170766830444,0.9687890410423279,0.942571759223938,0.9563046097755432,0.9400749206542969,0.9488139748573303,0.9563046097755432,0.9690633259347634,0.114799105,0.054286193,0.11080961,0.0886143,0.11590746,0.09275221,0.100793235,0.958368,0.9793228,0.96072716,0.96544546,0.9560089,0.96350265,0.96211493
161,1.5326614692416531,0.19960792362689972,0.13500282168388367,0.18578538298606873,0.12563344836235046,0.24054621160030365,0.17938537895679474,0.20586718618869781,0.9475655555725098,0.9687890410423279,0.9513108730316162,0.9550561904907227,0.9413233399391174,0.9563046097755432,0.9550561904907227,0.9679484000114676,0.11301659,0.055854604,0.10692951,0.09052903,0.11666431,0.09214851,0.10975431,0.95933944,0.9798779,0.961421,0.9662781,0.95656395,0.96461284,0.96378016
162,1.4405801461430525,0.18826249241828918,0.11662568897008896,0.16751547157764435,0.1325124204158783,0.21939614415168762,0.15511175990104675,0.1923784762620926,0.9463170766830444,0.9687890410423279,0.9525592923164368,0.9538077116012573,0.942571759223938,0.9575530290603638,0.9550561904907227,0.975599537069785,0.11435449,0.055884212,0.10780611,0.088389166,0.11976192,0.09103552,0.11033643,0.9592007,0.97835135,0.9605884,0.966972,0.9547599,0.963919,0.96183735
163,1.6422940169678497,0.22367031872272491,0.13812176883220673,0.2137260138988495,0.13095901906490326,0.2678722143173218,0.18815073370933533,0.2376144975423813,0.9438202381134033,0.9687890410423279,0.9488139748573303,0.9550561904907227,0.9363296031951904,0.9525592923164368,0.9538077116012573,0.9468099801632354,0.11362096,0.053850748,0.10601762,0.08707975,0.11548038,0.089020684,0.10512469,0.9580905,0.97946155,0.960866,0.9678046,0.9564252,0.96489036,0.96239245
164,1.426012641630518,0.186120867729187,0.11359231919050217,0.16679181158542633,0.12334641069173813,0.20609311759471893,0.1537059098482132,0.18660780787467957,0.9438202381134033,0.9650437235832214,0.9475655555725098,0.9513108730316162,0.9438202381134033,0.9513108730316162,0.9550561904907227,0.9547646949432176,0.1120186,0.0556889,0.1066441,0.08528637,0.11605515,0.09290611,0.10350356,0.95933944,0.9784902,0.9605884,0.96822095,0.95573133,0.964474,0.9633639
165,1.5563136729110643,0.2099166065454483,0.1335773915052414,0.1957790106534958,0.13106249272823334,0.24473048746585846,0.17677640914916992,0.21785297989845276,0.9438202381134033,0.9637952446937561,0.9450686573982239,0.9538077116012573,0.937578022480011,0.9525592923164368,0.9538077116012573,0.9274965334428273,0.10939335,0.052874833,0.1032561,0.08596729,0.1101751,0.091984615,0.10068397,0.96239245,0.9802942,0.9641965,0.9686372,0.9585068,0.96544546,0.9655842
166,1.4735421446825234,0.19476060569286346,0.12277600914239883,0.176772341132164,0.1314004808664322,0.2065189629793167,0.1649855226278305,0.18602816760540009,0.9413233399391174,0.966292142868042,0.9488139748573303,0.9575530290603638,0.937578022480011,0.9488139748573303,0.9563046097755432,0.9703858162739394,0.11885958,0.05421096,0.11062315,0.0873965,0.11955454,0.092646785,0.11129023,0.9589231,0.9798779,0.9605884,0.96711075,0.9561477,0.9630863,0.9625312
167,1.5109324943409133,0.21441231667995453,0.13656409084796906,0.19579434394836426,0.12205567210912704,0.23873485624790192,0.17653398215770721,0.20689179003238678,0.9400749206542969,0.9637952446937561,0.9463170766830444,0.9575530290603638,0.9338327050209045,0.9500623941421509,0.9525592923164368,0.980221444555299,0.116633214,0.056712553,0.10748167,0.08920629,0.118572645,0.09314834,0.103394866,0.958368,0.9787677,0.96044964,0.9672495,0.95628643,0.9653067,0.96322507
168,1.4437935608305437,0.19741638004779816,0.1267630159854889,0.19072341918945312,0.12308691442012787,0.2183602899312973,0.16542063653469086,0.19477200508117676,0.942571759223938,0.966292142868042,0.9438202381134033,0.9563046097755432,0.9413233399391174,0.9525592923164368,0.9563046097755432,0.9506638311128831,0.11277217,0.056565084,0.10875914,0.08608494,0.11193811,0.092168674,0.1024843,0.95989454,0.9787677,0.960866,0.96766585,0.95933944,0.96516794,0.96433526
169,1.4826972167590138,0.20223046839237213,0.12300296872854233,0.1835293471813202,0.12902729213237762,0.2198343425989151,0.16695664823055267,0.20377814769744873,0.942571759223938,0.9650437235832214,0.9475655555725098,0.9588015079498291,0.9388264417648315,0.9538077116012573,0.9550561904907227,0.9479534350730564,0.11509511,0.05350485,0.10705094,0.0837076,0.111960344,0.08857446,0.10414022,0.9589231,0.980433,0.961421,0.96877605,0.9573966,0.96489036,0.963919
170,1.4719732489329898,0.2006998062133789,0.1220283955335617,0.19100260734558105,0.1245812252163887,0.20241804420948029,0.16361142694950104,0.1875939667224884,0.942571759223938,0.9675405621528625,0.9475655555725098,0.9513108730316162,0.942571759223938,0.9525592923164368,0.9563046097755432,0.954744705054087,0.113841474,0.05587349,0.10573266,0.086558625,0.11331921,0.09406879,0.10431117,0.96017206,0.97946155,0.9628088,0.96711075,0.9589231,0.96489036,0.96266997
171,1.4840208394697096,0.20026175677776337,0.12819407880306244,0.1887168437242508,0.13097169995307922,0.2009100764989853,0.166934996843338,0.17889852821826935,0.9475655555725098,0.9675405621528625,0.9500623941421509,0.9550561904907227,0.9450686573982239,0.9575530290603638,0.9563046097755432,0.9304035973489334,0.108302884,0.053324535,0.10328002,0.08466234,0.11248171,0.09031798,0.09746837,0.9605884,0.9801554,0.961421,0.96822095,0.9585068,0.9658618,0.9662781
172,1.4412707175208388,0.20554354786872864,0.12783153355121613,0.18435510993003845,0.1299065202474594,0.21350614726543427,0.16813085973262787,0.18659043312072754,0.9463170766830444,0.971285879611969,0.9525592923164368,0.9550561904907227,0.9388264417648315,0.9538077116012573,0.9588015079498291,0.9233320379733643,0.10826052,0.054647494,0.10470765,0.08473319,0.10705296,0.08663071,0.104319185,0.96044964,0.9784902,0.960866,0.9672495,0.95933944,0.96461284,0.96322507
173,1.4028010493360654,0.20072965323925018,0.11969389021396637,0.17419588565826416,0.13441652059555054,0.2034205049276352,0.16012179851531982,0.17450997233390808,0.9500623941421509,0.9687890410423279,0.9538077116012573,0.9563046097755432,0.9450686573982239,0.9575530290603638,0.9600499272346497,0.9538564865634801,0.11203924,0.05290096,0.10729694,0.08593659,0.1161519,0.09296226,0.1046956,0.9580905,0.97890645,0.9600333,0.96766585,0.95628643,0.9633639,0.96350265
174,1.4098498687315524,0.18759551644325256,0.11642158031463623,0.17094530165195465,0.13256235420703888,0.18634915351867676,0.16031937301158905,0.1621721237897873,0.9475655555725098,0.966292142868042,0.9500623941421509,0.9538077116012573,0.9475655555725098,0.9575530290603638,0.9600499272346497,0.9595964419454659,0.11693908,0.05572657,0.11192565,0.08639471,0.113634355,0.093154915,0.10371813,0.9560089,0.97862893,0.9568415,0.96711075,0.95670277,0.9622537,0.96378016
175,1.5038957598801708,0.2094569206237793,0.13827842473983765,0.19871389865875244,0.13109147548675537,0.20976682007312775,0.17221924662590027,0.18280716240406036,0.9363296031951904,0.9625468254089355,0.9463170766830444,0.9538077116012573,0.9388264417648315,0.9550561904907227,0.9538077116012573,0.9399287526289225,0.11243325,0.05431516,0.10416524,0.08606874,0.108600356,0.08727274,0.09687345,0.958368,0.98001665,0.9585068,0.96808213,0.96072716,0.9664169,0.9655842
176,1.5564433638373862,0.2039657086133957,0.12575268745422363,0.1915002167224884,0.13122162222862244,0.2338879108428955,0.16980576515197754,0.20364521443843842,0.9500623941421509,0.9650437235832214,0.9488139748573303,0.9525592923164368,0.937578022480011,0.9513108730316162,0.9525592923164368,0.9515650420926063,0.11626957,0.054619413,0.10771451,0.082022175,0.11356686,0.086238176,0.10321412,0.9590619,0.9796003,0.96017206,0.9693311,0.9569803,0.96600056,0.9630863
177,1.4398200114568074,0.1945851594209671,0.1220778152346611,0.18094980716705322,0.12664280831813812,0.2071404755115509,0.16078034043312073,0.1923857480287552,0.9450686573982239,0.9687890410423279,0.9463170766830444,0.9575530290603638,0.9463170766830444,0.9563046097755432,0.9588015079498291,0.9663429549757454,0.114834554,0.053872492,0.10678871,0.085132025,0.118019484,0.09087052,0.10564907,0.95961696,0.9797391,0.96017206,0.96808213,0.9578129,0.96655566,0.9625312
178,1.4989816152796465,0.20554344356060028,0.12219215929508209,0.18896304070949554,0.12570786476135254,0.1995292603969574,0.16241298615932465,0.180243581533432,0.9438202381134033,0.9650437235832214,0.9438202381134033,0.9525592923164368,0.942571759223938,0.9550561904907227,0.9575530290603638,0.9594035455328935,0.11642792,0.05570167,0.1079085,0.08608431,0.11394343,0.09178766,0.10414862,0.95725787,0.9787677,0.95767415,0.9686372,0.9568415,0.9625312,0.9641965
179,1.4318876227784842,0.18643443286418915,0.11718767136335373,0.17126289010047913,0.1218104362487793,0.2091350257396698,0.15719148516654968,0.20025385916233063,0.9475655555725098,0.9675405621528625,0.9525592923164368,0.9563046097755432,0.942571759223938,0.9550561904907227,0.9538077116012573,0.9450941158604893,0.108678676,0.054278452,0.10406413,0.08845969,0.113806754,0.089703314,0.10280092,0.96072716,0.98057175,0.9622537,0.96808213,0.9589231,0.96600056,0.96516794
180,1.5837880743576793,0.2257235199213028,0.14331141114234924,0.20520129799842834,0.12960433959960938,0.24103687703609467,0.1818336695432663,0.22060810029506683,0.9438202381134033,0.9675405621528625,0.9513108730316162,0.9588015079498291,0.937578022480011,0.9525592923164368,0.9525592923164368,0.9315118642605049,0.10560169,0.052696817,0.10205208,0.08415179,0.11073544,0.08774063,0.10304138,0.96183735,0.980433,0.96294755,0.96822095,0.95670277,0.9650291,0.9641965
181,1.5450576393494149,0.21543195843696594,0.1277773231267929,0.19365109503269196,0.13252581655979156,0.21832744777202606,0.1677389293909073,0.1968819946050644,0.9438202381134033,0.966292142868042,0.9475655555725098,0.9513108730316162,0.937578022480011,0.9538077116012573,0.9538077116012573,0.9351443092326075,0.111396186,0.050596308,0.10072066,0.0865624,0.10783981,0.08847375,0.100227974,0.96072716,0.98140436,0.9636414,0.96808213,0.9585068,0.9655842,0.963919
182,1.5079266185617626,0.2018529623746872,0.12652845680713654,0.18857784569263458,0.12883427739143372,0.22516141831874847,0.17118294537067413,0.20758865773677826,0.9463170766830444,0.9687890410423279,0.9500623941421509,0.9575530290603638,0.9450686573982239,0.9513108730316162,0.9563046097755432,0.9238276634486291,0.108167924,0.05165066,0.10018838,0.08142774,0.10834187,0.08628032,0.10120199,0.9594782,0.9796003,0.96155983,0.9698862,0.95933944,0.9658618,0.96516794
183,1.553979469595777,0.21786557137966156,0.1318366825580597,0.20273320376873016,0.12543539702892303,0.2126421183347702,0.1706732213497162,0.20263369381427765,0.9463170766830444,0.9650437235832214,0.9513108730316162,0.9538077116012573,0.9438202381134033,0.9563046097755432,0.9588015079498291,0.9223329950100244,0.10700519,0.049585715,0.10191943,0.08532661,0.10867161,0.08639655,0.09993943,0.9619761,0.9815432,0.9633639,0.96711075,0.96072716,0.9693311,0.96516794
184,1.5203752464122986,0.21351094543933868,0.1258077323436737,0.18973079323768616,0.13412566483020782,0.2580142021179199,0.16477109491825104,0.23030444979667664,0.9400749206542969,0.966292142868042,0.9450686573982239,0.9525592923164368,0.9350811243057251,0.9525592923164368,0.9500623941421509,0.9348091514713395,0.11150012,0.052815426,0.10682678,0.0814432,0.111736916,0.09012633,0.1056216,0.96128225,0.9802942,0.96405774,0.9697474,0.9597558,0.96572304,0.96489036
185,1.5426131765196536,0.20961196720600128,0.14245304465293884,0.19645419716835022,0.1286880075931549,0.21458229422569275,0.17858925461769104,0.19114401936531067,0.9400749206542969,0.9637952446937561,0.9488139748573303,0.9563046097755432,0.9388264417648315,0.9538077116012573,0.9550561904907227,0.9684367046533543,0.121969074,0.05513484,0.11317524,0.087566055,0.11173273,0.09099154,0.10210912,0.95656395,0.98168194,0.958368,0.9673883,0.9592007,0.9650291,0.96544546
186,1.439898556686668,0.1990349441766739,0.1294466108083725,0.1838074028491974,0.12147492915391922,0.21243241429328918,0.16435956954956055,0.19082026183605194,0.942571759223938,0.9675405621528625,0.9525592923164368,0.9550561904907227,0.9413233399391174,0.9475655555725098,0.9575530290603638,0.9525640781740331,0.11128167,0.05342184,0.10543252,0.08304748,0.11673374,0.090034865,0.107782505,0.95878434,0.9801554,0.9611435,0.9689148,0.95517623,0.96544546,0.96294755
187,1.4349536639771956,0.2033110409975052,0.12330450117588043,0.18358547985553741,0.12380384653806686,0.20384642481803894,0.15709958970546722,0.18412812054157257,0.9438202381134033,0.9675405621528625,0.9500623941421509,0.9513108730316162,0.942571759223938,0.9513108730316162,0.9600499272346497,0.9256394496732971,0.110664345,0.052507717,0.10438145,0.08217278,0.10754802,0.0866286,0.09967361,0.961421,0.9809881,0.963919,0.9693311,0.960866,0.96655566,0.9647516
188,1.5250272340095892,0.2087283432483673,0.13520821928977966,0.18930932879447937,0.1341787874698639,0.24890021979808807,0.1695162057876587,0.21192820370197296,0.9463170766830444,0.9675405621528625,0.9513108730316162,0.9525592923164368,0.937578022480011,0.9525592923164368,0.9575530290603638,0.910204185832053,0.10635283,0.05078209,0.098543875,0.08337166,0.10784058,0.08586928,0.099925965,0.96266997,0.98140436,0.9636414,0.96877605,0.9586456,0.9668332,0.9668332
189,1.537448178218694,0.21174731850624084,0.14204749464988708,0.1949261724948883,0.1276790350675583,0.22966626286506653,0.1863090991973877,0.21369734406471252,0.9475655555725098,0.9675405621528625,0.9525592923164368,0.9550561904907227,0.942571759223938,0.9538077116012573,0.9588015079498291,0.89793393580807,0.10769806,0.051375724,0.10198802,0.084110335,0.107770644,0.08493851,0.09739857,0.96239245,0.980433,0.96322507,0.96808213,0.95822924,0.9655842,0.9664169
190,1.6443880338049708,0.23319339752197266,0.1393706053495407,0.2180279791355133,0.13683439791202545,0.23948872089385986,0.18599160015583038,0.22216424345970154,0.9438202381134033,0.9687890410423279,0.9488139748573303,0.9538077116012573,0.9388264417648315,0.9550561904907227,0.9538077116012573,0.8910671656590979,0.10399696,0.050189227,0.09792157,0.078434825,0.10558804,0.08186696,0.09481028,0.9636414,0.980433,0.9630863,0.9709964,0.96072716,0.96711075,0.96711075
191,1.560460682367713,0.21163435280323029,0.1503886878490448,0.19789688289165497,0.131493479013443,0.22573992609977722,0.19577227532863617,0.21524037420749664,0.9400749206542969,0.9625468254089355,0.9475655555725098,0.9538077116012573,0.9363296031951904,0.9475655555725098,0.9550561904907227,0.8914679366202941,0.105124064,0.049729053,0.10208811,0.07789052,0.10295828,0.08479739,0.093293935,0.96239245,0.97946155,0.96239245,0.97169024,0.95989454,0.9661393,0.96766585
192,1.4718611859501376,0.19777362048625946,0.13850954174995422,0.18375781178474426,0.12652727961540222,0.23714308440685272,0.1708783060312271,0.21490325033664703,0.9488139748573303,0.966292142868042,0.9563046097755432,0.9550561904907227,0.9400749206542969,0.9550561904907227,0.9525592923164368,0.8990757686377829,0.10735085,0.051148593,0.10016121,0.08447154,0.10798756,0.08734557,0.09658149,0.9616986,0.98140436,0.9628088,0.9703025,0.96100473,0.96655566,0.96600056
193,1.5894641527968847,0.2119780331850052,0.14273306727409363,0.20415839552879333,0.14288079738616943,0.24251820147037506,0.18791179358959198,0.21726229786872864,0.9438202381134033,0.9637952446937561,0.9450686573982239,0.9538077116012573,0.937578022480011,0.9538077116012573,0.9525592923164368,0.8868279099100469,0.105463035,0.049412828,0.09915838,0.082026355,0.10420961,0.08476232,0.09513874,0.9622537,0.98168194,0.963919,0.9698862,0.9605884,0.9679434,0.96516794
194,1.529195777039403,0.20416522026062012,0.14254121482372284,0.19353926181793213,0.13264687359333038,0.22729535400867462,0.18620769679546356,0.2132672816514969,0.9463170766830444,0.9675405621528625,0.9488139748573303,0.9525592923164368,0.9388264417648315,0.9563046097755432,0.9538077116012573,0.8768853802764346,0.10487319,0.047402475,0.095526695,0.07963866,0.10104077,0.081043236,0.09483426,0.9622537,0.9818207,0.96405774,0.9703025,0.96266997,0.9673883,0.96572304
195,1.614484821663665,0.2263111025094986,0.15268822014331818,0.21395601332187653,0.1376732438802719,0.22710879147052765,0.19062232971191406,0.20764262974262238,0.942571759223938,0.961298406124115,0.9450686573982239,0.9488139748573303,0.9400749206542969,0.9488139748573303,0.9488139748573303,0.8823407937876224,0.10026836,0.049060646,0.09926312,0.07806189,0.10391168,0.08334315,0.09868434,0.9636414,0.980433,0.96322507,0.970025,0.96100473,0.96655566,0.96350265
196,1.597145759508702,0.2279493361711502,0.1402389258146286,0.22019650042057037,0.13232262432575226,0.23944664001464844,0.18340452015399933,0.2190771847963333,0.942571759223938,0.9675405621528625,0.9463170766830444,0.9538077116012573,0.9388264417648315,0.9550561904907227,0.9550561904907227,0.9074138884672747,0.10768016,0.05168481,0.10392685,0.08284228,0.10591536,0.085493356,0.09889142,0.9611435,0.9807105,0.9622537,0.96960866,0.961421,0.96711075,0.9662781
197,1.5282453695933025,0.20874373614788055,0.13839837908744812,0.19308485090732574,0.13169698417186737,0.2172711193561554,0.1761634349822998,0.2032482922077179,0.942571759223938,0.9687890410423279,0.9475655555725098,0.9563046097755432,0.9438202381134033,0.9550561904907227,0.9563046097755432,0.8865832872368249,0.10471114,0.045919847,0.09736469,0.07862327,0.102453314,0.07960981,0.09372833,0.96155983,0.9815432,0.96433526,0.97169024,0.9628088,0.96877605,0.96655566
198,1.5375114810303059,0.21756039559841156,0.1395355463027954,0.197565957903862,0.135752335190773,0.22264932096004486,0.17914626002311707,0.1985437422990799,0.9500623941421509,0.9700374603271484,0.9513108730316162,0.9525592923164368,0.9438202381134033,0.9550561904907227,0.9550561904907227,0.9020844470237052,0.106150694,0.05058721,0.10070894,0.079189464,0.10477085,0.08498719,0.095740676,0.96211493,0.98084927,0.96350265,0.9697474,0.95989454,0.9673883,0.96544546
199,1.6683541469359666,0.2262919694185257,0.1486274003982544,0.21853007376194,0.1395687311887741,0.24895668029785156,0.19669696688652039,0.22334875166416168,0.9413233399391174,0.9687890410423279,0.9463170766830444,0.9550561904907227,0.9363296031951904,0.9538077116012573,0.9525592923164368,0.8588855848225031,0.09960073,0.044690356,0.09443248,0.07714013,0.10189454,0.078399725,0.091950916,0.9628088,0.98195946,0.9625312,0.9708576,0.96155983,0.96960866,0.9664169
